2026-04-09T23:50:53-07:00 LAUNCH
[I 2026-04-09 23:50:58.171 ServerApp] Extension package dask_labextension took 1.1076s to import
[W 2026-04-09 23:50:58.172 ServerApp] A `_jupyter_server_extension_points` function was not found in dask_labextension. Instead, a `_jupyter_server_extension_paths` function was found and will be used for now. This function name will be deprecated in future releases of Jupyter Server.
[I 2026-04-09 23:50:59.673 ServerApp] Extension package jupyterlab_h5web took 0.8935s to import
[I 2026-04-09 23:50:59.916 ServerApp] Extension package jupyterlab_jupytext took 0.2418s to import
[W 2026-04-09 23:51:00.019 ServerApp] A `_jupyter_server_extension_points` function was not found in nbclassic. Instead, a `_jupyter_server_extension_paths` function was found and will be used for now. This function name will be deprecated in future releases of Jupyter Server.
[I 2026-04-09 23:51:00.025 ServerApp] dask_labextension | extension was successfully linked.
[I 2026-04-09 23:51:00.032 ServerApp] jupyter_lsp | extension was successfully linked.
[I 2026-04-09 23:51:00.032 ServerApp] jupyter_resource_usage | extension was successfully linked.
[I 2026-04-09 23:51:00.041 ServerApp] jupyter_server_mathjax | extension was successfully linked.
[I 2026-04-09 23:51:00.042 ServerApp] jupyter_server_proxy | extension was successfully linked.
[I 2026-04-09 23:51:00.049 ServerApp] jupyter_server_terminals | extension was successfully linked.
[I 2026-04-09 23:51:00.050 JupyterHubSingleUser] Starting jupyterhub single-user server extension version 5.0.0
[I 2026-04-09 23:51:00.050 JupyterHubSingleUser] Using default url from environment $JUPYTERHUB_DEFAULT_URL: /lab/tree/global/homes/c/chaseg
[I 2026-04-09 23:51:00.053 ServerApp] jupyterhub | extension was successfully linked.
[W 2026-04-09 23:51:00.059 LabApp] 'extra_template_paths' was found in both NotebookApp and ServerApp. This is likely a recent change. This config will only be set in NotebookApp. Please check if you should also config these traits in ServerApp for your purpose.
[I 2026-04-09 23:51:00.062 ServerApp] jupyterlab | extension was successfully linked.
[I 2026-04-09 23:51:00.062 ServerApp] jupyterlab_code_formatter | extension was successfully linked.
[I 2026-04-09 23:51:00.062 ServerApp] jupyterlab_git | extension was successfully linked.
[I 2026-04-09 23:51:00.063 ServerApp] jupyterlab_h5web | extension was successfully linked.
[I 2026-04-09 23:51:00.063 ServerApp] jupyterlab_jupytext | extension was successfully linked.
[I 2026-04-09 23:51:00.063 ServerApp] jupyterlab_nvdashboard | extension was successfully linked.
[I 2026-04-09 23:51:00.063 ServerApp] jupyterlab_wall | extension was successfully linked.
[W 2026-04-09 23:51:00.068 NotebookApp] 'extra_template_paths' was found in both NotebookApp and ServerApp. This is likely a recent change. This config will only be set in NotebookApp. Please check if you should also config these traits in ServerApp for your purpose.
[I 2026-04-09 23:51:00.071 ServerApp] nbclassic | extension was successfully linked.
[I 2026-04-09 23:51:00.071 ServerApp] nbdime | extension was successfully linked.
[W 2026-04-09 23:51:00.075 JupyterNotebookApp] 'extra_template_paths' was found in both NotebookApp and ServerApp. This is likely a recent change. This config will only be set in NotebookApp. Please check if you should also config these traits in ServerApp for your purpose.
[I 2026-04-09 23:51:00.078 ServerApp] notebook | extension was successfully linked.
[I 2026-04-09 23:51:00.080 ServerApp] Writing Jupyter server cookie secret to /tmp/jupyter-runtime-310f7215-4712-4853-9df2-750d93932ecb/jupyter_cookie_secret
[I 2026-04-09 23:51:00.107 ServerApp] notebook_shim | extension was successfully linked.
[I 2026-04-09 23:51:00.176 ServerApp] notebook_shim | extension was successfully loaded.
[I 2026-04-09 23:51:00.177 ServerApp] dask_labextension | extension was successfully loaded.
[I 2026-04-09 23:51:00.179 ServerApp] jupyter_lsp | extension was successfully loaded.
[I 2026-04-09 23:51:00.180 ServerApp] jupyter_resource_usage | extension was successfully loaded.
[I 2026-04-09 23:51:00.181 ServerApp] jupyter_server_mathjax | extension was successfully loaded.
[I 2026-04-09 23:51:00.222 ServerApp] jupyter_server_proxy | extension was successfully loaded.
[I 2026-04-09 23:51:00.225 ServerApp] jupyter_server_terminals | extension was successfully loaded.
[I 2026-04-09 23:51:00.243 JupyterHubSingleUser] Updating Hub with activity every 300 seconds
[I 2026-04-09 23:51:00.243 ServerApp] jupyterhub | extension was successfully loaded.
[I 2026-04-09 23:51:00.412 ServerApp] Skipped non-installed server(s): bash-language-server, dockerfile-language-server-nodejs, javascript-typescript-langserver, jedi-language-server, julia-language-server, pyright, python-language-server, python-lsp-server, r-languageserver, sql-language-server, texlab, typescript-language-server, unified-language-server, vscode-css-languageserver-bin, vscode-html-languageserver-bin, vscode-json-languageserver-bin, yaml-language-server
[I 2026-04-09 23:51:00.497 LabApp] JupyterLab extension loaded from /global/common/software/nersc9/jupyter/ex/26-03/lib/python3.10/site-packages/jupyterlab
[I 2026-04-09 23:51:00.497 LabApp] JupyterLab application directory is /global/common/software/nersc9/jupyter/ex/26-03/share/jupyter/lab
[I 2026-04-09 23:51:00.499 LabApp] Extension Manager is 'pypi'.
[I 2026-04-09 23:51:00.520 ServerApp] jupyterlab | extension was successfully loaded.
[I 2026-04-09 23:51:00.521 ServerApp] Registered jupyterlab_code_formatter server extension
[I 2026-04-09 23:51:00.521 ServerApp] jupyterlab_code_formatter | extension was successfully loaded.
[I 2026-04-09 23:51:00.528 ServerApp] jupyterlab_git | extension was successfully loaded.
[I 2026-04-09 23:51:00.747 ServerApp] Jupyterlab-h5web extension will serve HDF5 files from /
[I 2026-04-09 23:51:00.747 ServerApp] jupyterlab_h5web | extension was successfully loaded.
[W 2026-04-09 23:51:00.748 ServerApp] [Jupytext Server Extension] Async contents managers like {base_class.__name__} are not supported at the moment (https://github.com/mwouts/jupytext/issues/1020). We will derive a contents manager from LargeFileManager instead.
[I 2026-04-09 23:51:00.748 ServerApp] [Jupytext Server Extension] Deriving a JupytextContentsManager from LargeFileManager
[I 2026-04-09 23:51:00.749 ServerApp] jupyterlab_jupytext | extension was successfully loaded.
[I 2026-04-09 23:51:00.750 ServerApp] Registered jupyterlab_nvdashboard server extension
[I 2026-04-09 23:51:00.750 ServerApp] jupyterlab_nvdashboard | extension was successfully loaded.
[I 2026-04-09 23:51:00.751 ServerApp] Registered jupyterlab_wall server extension
[I 2026-04-09 23:51:00.752 ServerApp] jupyterlab_wall | extension was successfully loaded.
[I 2026-04-09 23:51:00.777 ServerApp] nbclassic | extension was successfully loaded.
[I 2026-04-09 23:51:01.092 ServerApp] nbdime | extension was successfully loaded.
[I 2026-04-09 23:51:01.192 ServerApp] notebook | extension was successfully loaded.
[I 2026-04-09 23:51:01.193 ServerApp] Will shut down after 64800 seconds with no kernels.
[I 2026-04-09 23:51:01.193 ServerApp] Serving notebooks from local directory: /
[I 2026-04-09 23:51:01.194 ServerApp] Jupyter Server 2.14.2 is running at:
[I 2026-04-09 23:51:01.194 ServerApp] http://nid001001:48813/user/chaseg/perlmutter-exclusive-node-gpu/lab/tree/global/homes/c/chaseg?token=...
[I 2026-04-09 23:51:01.194 ServerApp]     http://127.0.0.1:48813/user/chaseg/perlmutter-exclusive-node-gpu/lab/tree/global/homes/c/chaseg?token=...
[I 2026-04-09 23:51:01.194 ServerApp] Use Control-C to stop this server and shut down all kernels (twice to skip confirmation).
[W 2026-04-09 23:53:01.770 LabApp] Could not determine jupyterlab build status without nodejs
[I 2026-04-09 23:53:01.924 ServerApp] Loaded Jupytext configuration file at /global/common/software/nersc9/jupyter/ex/26-03/etc/jupytext/jupytext.toml
[I 2026-04-09 23:53:03.828 ServerApp] New terminal with automatic name: 1
[I 2026-04-09 23:53:03.829 ServerApp] Culling terminals with inactivity > 64800 seconds at 300 second intervals ...
[I 2026-04-09 23:53:06.577 ServerApp] Kernel started: 26f719f8-2683-449d-86e0-e779191e6658
[I 2026-04-09 23:53:06.577 ServerApp] Culling kernels with idle durations > 64800 seconds at 300 second intervals ...
[I 2026-04-09 23:53:08.299 ServerApp] Kernel started: 3fb932d2-67ae-49b3-850f-be7a6aaeca14
[I 2026-04-09 23:53:16.299 ServerApp] Connecting to kernel 26f719f8-2683-449d-86e0-e779191e6658.
[I 2026-04-09 23:53:16.353 ServerApp] Connecting to kernel 26f719f8-2683-449d-86e0-e779191e6658.
[I 2026-04-09 23:53:16.395 ServerApp] Connecting to kernel 26f719f8-2683-449d-86e0-e779191e6658.
/global/common/software/nersc9/jupyter/ex/26-03/lib/python3.10/json/encoder.py:257: UserWarning: date_default is deprecated since jupyter_client 7.0.0. Use jupyter_client.jsonutil.json_default.
  return _iterencode(o, 0)
[I 2026-04-09 23:53:16.448 ServerApp] Connecting to kernel 3fb932d2-67ae-49b3-850f-be7a6aaeca14.
[I 2026-04-09 23:53:16.494 ServerApp] Connecting to kernel 3fb932d2-67ae-49b3-850f-be7a6aaeca14.
[I 2026-04-09 23:53:16.537 ServerApp] Connecting to kernel 3fb932d2-67ae-49b3-850f-be7a6aaeca14.
[I 2026-04-09 23:55:38.330 ServerApp] Kernel started: b55fb1d9-92d6-4f1f-b652-98483014bd6c
[I 2026-04-09 23:55:38.513 ServerApp] Kernel started: 0b2116d7-3fd5-405e-836a-d69702b28447
[I 2026-04-09 23:55:43.373 ServerApp] Connecting to kernel b55fb1d9-92d6-4f1f-b652-98483014bd6c.
[I 2026-04-09 23:55:43.494 ServerApp] Starting buffering for b55fb1d9-92d6-4f1f-b652-98483014bd6c:5162c122-3a44-41ce-8f33-ff339136c64b
[I 2026-04-09 23:55:43.539 ServerApp] Connecting to kernel b55fb1d9-92d6-4f1f-b652-98483014bd6c.
[I 2026-04-09 23:55:44.400 ServerApp] Connecting to kernel 0b2116d7-3fd5-405e-836a-d69702b28447.
/global/common/software/nersc9/jupyter/ex/26-03/lib/python3.10/json/encoder.py:257: UserWarning: date_default is deprecated since jupyter_client 7.0.0. Use jupyter_client.jsonutil.json_default.
  return _iterencode(o, 0)
[I 2026-04-09 23:55:44.548 ServerApp] Starting buffering for 0b2116d7-3fd5-405e-836a-d69702b28447:b086664c-2b61-4f2f-8cf8-59fe27d42935
[I 2026-04-09 23:55:44.560 ServerApp] Connecting to kernel 0b2116d7-3fd5-405e-836a-d69702b28447.
[I 2026-04-09 23:55:44.640 ServerApp] Connecting to kernel 0b2116d7-3fd5-405e-836a-d69702b28447.
[I 2026-04-09 23:55:59.220 ServerApp] Copying global/homes/c/chaseg/desi-238/gigalens2-forward.ipynb to /global/homes/c/chaseg/desi-238
[I 2026-04-09 23:55:59.701 ServerApp] Saving gigalens2-forward-Copy1.ipynb
/global/common/software/nersc9/jupyter/ex/26-03/lib/python3.10/json/encoder.py:257: UserWarning: date_default is deprecated since jupyter_client 7.0.0. Use jupyter_client.jsonutil.json_default.
  return _iterencode(o, 0)
[I 2026-04-09 23:56:15.218 ServerApp] Starting buffering for b55fb1d9-92d6-4f1f-b652-98483014bd6c:65254dee-ce34-4058-922c-fca9476a7823
[I 2026-04-09 23:56:15.219 ServerApp] Kernel shutdown: b55fb1d9-92d6-4f1f-b652-98483014bd6c
[I 2026-04-09 23:56:16.926 ServerApp] Kernel started: 3d7f19e5-8fb4-4c5c-9e5c-2f62e6fb4866
[I 2026-04-09 23:56:19.383 ServerApp] Connecting to kernel 3d7f19e5-8fb4-4c5c-9e5c-2f62e6fb4866.
[I 2026-04-09 23:56:43.122 ServerApp] Saving file at /global/homes/c/chaseg/desi-238/desi238-nuts.ipynb
[I 2026-04-09 23:56:43.149 ServerApp] Saving desi238-nuts.ipynb
[I 2026-04-09 23:56:47.521 ServerApp] Kernel started: e2439881-42ad-4194-9a20-7957ba08a9c6
[I 2026-04-09 23:56:47.522 ServerApp] Kernel shutdown: 3d7f19e5-8fb4-4c5c-9e5c-2f62e6fb4866
[I 2026-04-09 23:56:52.458 ServerApp] Connecting to kernel e2439881-42ad-4194-9a20-7957ba08a9c6.
2026-04-09 23:57:02.239791: E external/local_xla/xla/stream_executor/cuda/cuda_fft.cc:467] Unable to register cuFFT factory: Attempting to register factory for plugin cuFFT when one has already been registered
WARNING: All log messages before absl::InitializeLog() is called are written to STDERR
E0000 00:00:1775804222.406035  332017 cuda_dnn.cc:8579] Unable to register cuDNN factory: Attempting to register factory for plugin cuDNN when one has already been registered
E0000 00:00:1775804222.450534  332017 cuda_blas.cc:1407] Unable to register cuBLAS factory: Attempting to register factory for plugin cuBLAS when one has already been registered
W0000 00:00:1775804222.772490  332017 computation_placer.cc:177] computation placer already registered. Please check linkage and avoid linking the same target more than once.
W0000 00:00:1775804222.772518  332017 computation_placer.cc:177] computation placer already registered. Please check linkage and avoid linking the same target more than once.
W0000 00:00:1775804222.772521  332017 computation_placer.cc:177] computation placer already registered. Please check linkage and avoid linking the same target more than once.
W0000 00:00:1775804222.772523  332017 computation_placer.cc:177] computation placer already registered. Please check linkage and avoid linking the same target more than once.
[I 2026-04-09 23:57:20.169 ServerApp] Starting buffering for 0b2116d7-3fd5-405e-836a-d69702b28447:9a573f5a-673b-4883-8272-e50406fd9826
[I 2026-04-09 23:57:20.652 ServerApp] Kernel shutdown: 0b2116d7-3fd5-405e-836a-d69702b28447
[I 2026-04-09 23:57:21.264 ServerApp] Starting buffering for 26f719f8-2683-449d-86e0-e779191e6658:7d93b061-70b3-4ab9-b3ea-98a4c5dddf3e
[I 2026-04-09 23:57:21.718 ServerApp] Kernel shutdown: 26f719f8-2683-449d-86e0-e779191e6658
[I 2026-04-09 23:57:22.831 ServerApp] Saving file at /global/homes/c/chaseg/desi-238/desi238-nuts.ipynb
[I 2026-04-09 23:57:22.856 ServerApp] Saving desi238-nuts.ipynb
[I 2026-04-09 23:58:06.879 ServerApp] Saving file at /global/homes/c/chaseg/desi-238/desi238-nuts.ipynb
[I 2026-04-09 23:58:06.903 ServerApp] Saving desi238-nuts.ipynb
[I 2026-04-09 23:59:17.430 ServerApp] Saving file at /global/homes/c/chaseg/desi-238/desi238-nuts.ipynb
[I 2026-04-09 23:59:17.458 ServerApp] Saving desi238-nuts.ipynb
2026-04-09 23:59:20.368830: E external/xla/xla/service/slow_operation_alarm.cc:73] Trying algorithm eng35{k2=1,k5=3,k14=2} for conv %cudnn-conv = (f32[125,1,200,200]{3,2,1,0}, u8[0]{0}) custom-call(%bitcast.61, %constant.10788), window={size=53x53 pad=26_26x26_26}, dim_labels=bf01_oi01->bf01, custom_call_target="__cudnn$convForward", metadata={op_name="jit(run_map)/jit(main)/jit(shmap_body)/while/body/jit(loss)/jvp(jit(log_prob))/jit(simulate)/conv_general_dilated" source_file="/tmp/ipykernel_332017/1288025284.py" source_line=127}, backend_config={"operation_queue_id":"0","wait_on_operation_queues":[],"cudnn_conv_backend_config":{"conv_result_scale":1,"activation_mode":"kNone","side_input_scale":0,"leakyrelu_alpha":0},"force_earliest_schedule":false,"reification_cost":[]} is taking a while...
2026-04-09 23:59:21.609389: E external/xla/xla/service/slow_operation_alarm.cc:140] The operation took 2.240980667s
Trying algorithm eng35{k2=1,k5=3,k14=2} for conv %cudnn-conv = (f32[125,1,200,200]{3,2,1,0}, u8[0]{0}) custom-call(%bitcast.61, %constant.10788), window={size=53x53 pad=26_26x26_26}, dim_labels=bf01_oi01->bf01, custom_call_target="__cudnn$convForward", metadata={op_name="jit(run_map)/jit(main)/jit(shmap_body)/while/body/jit(loss)/jvp(jit(log_prob))/jit(simulate)/conv_general_dilated" source_file="/tmp/ipykernel_332017/1288025284.py" source_line=127}, backend_config={"operation_queue_id":"0","wait_on_operation_queues":[],"cudnn_conv_backend_config":{"conv_result_scale":1,"activation_mode":"kNone","side_input_scale":0,"leakyrelu_alpha":0},"force_earliest_schedule":false,"reification_cost":[]} is taking a while...
2026-04-09 23:59:22.609557: E external/xla/xla/service/slow_operation_alarm.cc:73] Trying algorithm eng36{k2=5,k13=1,k14=3,k18=1,k23=0} for conv %cudnn-conv = (f32[125,1,200,200]{3,2,1,0}, u8[0]{0}) custom-call(%bitcast.61, %constant.10788), window={size=53x53 pad=26_26x26_26}, dim_labels=bf01_oi01->bf01, custom_call_target="__cudnn$convForward", metadata={op_name="jit(run_map)/jit(main)/jit(shmap_body)/while/body/jit(loss)/jvp(jit(log_prob))/jit(simulate)/conv_general_dilated" source_file="/tmp/ipykernel_332017/1288025284.py" source_line=127}, backend_config={"operation_queue_id":"0","wait_on_operation_queues":[],"cudnn_conv_backend_config":{"conv_result_scale":1,"activation_mode":"kNone","side_input_scale":0,"leakyrelu_alpha":0},"force_earliest_schedule":false,"reification_cost":[]} is taking a while...
2026-04-09 23:59:25.937651: E external/xla/xla/service/slow_operation_alarm.cc:140] The operation took 4.328162808s
Trying algorithm eng36{k2=5,k13=1,k14=3,k18=1,k23=0} for conv %cudnn-conv = (f32[125,1,200,200]{3,2,1,0}, u8[0]{0}) custom-call(%bitcast.61, %constant.10788), window={size=53x53 pad=26_26x26_26}, dim_labels=bf01_oi01->bf01, custom_call_target="__cudnn$convForward", metadata={op_name="jit(run_map)/jit(main)/jit(shmap_body)/while/body/jit(loss)/jvp(jit(log_prob))/jit(simulate)/conv_general_dilated" source_file="/tmp/ipykernel_332017/1288025284.py" source_line=127}, backend_config={"operation_queue_id":"0","wait_on_operation_queues":[],"cudnn_conv_backend_config":{"conv_result_scale":1,"activation_mode":"kNone","side_input_scale":0,"leakyrelu_alpha":0},"force_earliest_schedule":false,"reification_cost":[]} is taking a while...
2026-04-09 23:59:27.017069: E external/xla/xla/service/slow_operation_alarm.cc:73] Trying algorithm eng35{k2=1,k5=2,k14=5} for conv %cudnn-conv = (f32[125,1,200,200]{3,2,1,0}, u8[0]{0}) custom-call(%bitcast.61, %constant.10788), window={size=53x53 pad=26_26x26_26}, dim_labels=bf01_oi01->bf01, custom_call_target="__cudnn$convForward", metadata={op_name="jit(run_map)/jit(main)/jit(shmap_body)/while/body/jit(loss)/jvp(jit(log_prob))/jit(simulate)/conv_general_dilated" source_file="/tmp/ipykernel_332017/1288025284.py" source_line=127}, backend_config={"operation_queue_id":"0","wait_on_operation_queues":[],"cudnn_conv_backend_config":{"conv_result_scale":1,"activation_mode":"kNone","side_input_scale":0,"leakyrelu_alpha":0},"force_earliest_schedule":false,"reification_cost":[]} is taking a while...
2026-04-09 23:59:27.119862: E external/xla/xla/service/slow_operation_alarm.cc:140] The operation took 1.102855793s
Trying algorithm eng35{k2=1,k5=2,k14=5} for conv %cudnn-conv = (f32[125,1,200,200]{3,2,1,0}, u8[0]{0}) custom-call(%bitcast.61, %constant.10788), window={size=53x53 pad=26_26x26_26}, dim_labels=bf01_oi01->bf01, custom_call_target="__cudnn$convForward", metadata={op_name="jit(run_map)/jit(main)/jit(shmap_body)/while/body/jit(loss)/jvp(jit(log_prob))/jit(simulate)/conv_general_dilated" source_file="/tmp/ipykernel_332017/1288025284.py" source_line=127}, backend_config={"operation_queue_id":"0","wait_on_operation_queues":[],"cudnn_conv_backend_config":{"conv_result_scale":1,"activation_mode":"kNone","side_input_scale":0,"leakyrelu_alpha":0},"force_earliest_schedule":false,"reification_cost":[]} is taking a while...
2026-04-09 23:59:28.119978: E external/xla/xla/service/slow_operation_alarm.cc:73] Trying algorithm eng38{k2=4,k13=0,k14=2,k18=1,k22=2,k23=0} for conv %cudnn-conv = (f32[125,1,200,200]{3,2,1,0}, u8[0]{0}) custom-call(%bitcast.61, %constant.10788), window={size=53x53 pad=26_26x26_26}, dim_labels=bf01_oi01->bf01, custom_call_target="__cudnn$convForward", metadata={op_name="jit(run_map)/jit(main)/jit(shmap_body)/while/body/jit(loss)/jvp(jit(log_prob))/jit(simulate)/conv_general_dilated" source_file="/tmp/ipykernel_332017/1288025284.py" source_line=127}, backend_config={"operation_queue_id":"0","wait_on_operation_queues":[],"cudnn_conv_backend_config":{"conv_result_scale":1,"activation_mode":"kNone","side_input_scale":0,"leakyrelu_alpha":0},"force_earliest_schedule":false,"reification_cost":[]} is taking a while...
2026-04-09 23:59:28.658131: E external/xla/xla/service/slow_operation_alarm.cc:140] The operation took 1.538217358s
Trying algorithm eng38{k2=4,k13=0,k14=2,k18=1,k22=2,k23=0} for conv %cudnn-conv = (f32[125,1,200,200]{3,2,1,0}, u8[0]{0}) custom-call(%bitcast.61, %constant.10788), window={size=53x53 pad=26_26x26_26}, dim_labels=bf01_oi01->bf01, custom_call_target="__cudnn$convForward", metadata={op_name="jit(run_map)/jit(main)/jit(shmap_body)/while/body/jit(loss)/jvp(jit(log_prob))/jit(simulate)/conv_general_dilated" source_file="/tmp/ipykernel_332017/1288025284.py" source_line=127}, backend_config={"operation_queue_id":"0","wait_on_operation_queues":[],"cudnn_conv_backend_config":{"conv_result_scale":1,"activation_mode":"kNone","side_input_scale":0,"leakyrelu_alpha":0},"force_earliest_schedule":false,"reification_cost":[]} is taking a while...
2026-04-10 00:00:46.647733: E external/xla/xla/service/slow_operation_alarm.cc:73] Trying algorithm eng1{k2=4,k3=0} for conv %cudnn-conv = (f32[500,1,200,200]{3,2,1,0}, u8[0]{0}) custom-call(%bitcast.96, %constant.7836), window={size=53x53 pad=26_26x26_26}, dim_labels=bf01_oi01->bf01, custom_call_target="__cudnn$convForward", metadata={op_name="jit(log_prob)/jit(main)/jit(simulate)/conv_general_dilated" source_file="/tmp/ipykernel_332017/2104219631.py" source_line=1}, backend_config={"operation_queue_id":"0","wait_on_operation_queues":[],"cudnn_conv_backend_config":{"conv_result_scale":1,"activation_mode":"kNone","side_input_scale":0,"leakyrelu_alpha":0},"force_earliest_schedule":false,"reification_cost":[]} is taking a while...
2026-04-10 00:00:47.289659: E external/xla/xla/service/slow_operation_alarm.cc:140] The operation took 1.642045709s
Trying algorithm eng1{k2=4,k3=0} for conv %cudnn-conv = (f32[500,1,200,200]{3,2,1,0}, u8[0]{0}) custom-call(%bitcast.96, %constant.7836), window={size=53x53 pad=26_26x26_26}, dim_labels=bf01_oi01->bf01, custom_call_target="__cudnn$convForward", metadata={op_name="jit(log_prob)/jit(main)/jit(simulate)/conv_general_dilated" source_file="/tmp/ipykernel_332017/2104219631.py" source_line=1}, backend_config={"operation_queue_id":"0","wait_on_operation_queues":[],"cudnn_conv_backend_config":{"conv_result_scale":1,"activation_mode":"kNone","side_input_scale":0,"leakyrelu_alpha":0},"force_earliest_schedule":false,"reification_cost":[]} is taking a while...
2026-04-10 00:00:48.289778: E external/xla/xla/service/slow_operation_alarm.cc:73] Trying algorithm eng35{k2=1,k5=3,k14=2} for conv %cudnn-conv = (f32[500,1,200,200]{3,2,1,0}, u8[0]{0}) custom-call(%bitcast.96, %constant.7836), window={size=53x53 pad=26_26x26_26}, dim_labels=bf01_oi01->bf01, custom_call_target="__cudnn$convForward", metadata={op_name="jit(log_prob)/jit(main)/jit(simulate)/conv_general_dilated" source_file="/tmp/ipykernel_332017/2104219631.py" source_line=1}, backend_config={"operation_queue_id":"0","wait_on_operation_queues":[],"cudnn_conv_backend_config":{"conv_result_scale":1,"activation_mode":"kNone","side_input_scale":0,"leakyrelu_alpha":0},"force_earliest_schedule":false,"reification_cost":[]} is taking a while...
2026-04-10 00:00:55.989352: E external/xla/xla/service/slow_operation_alarm.cc:140] The operation took 8.699630741s
Trying algorithm eng35{k2=1,k5=3,k14=2} for conv %cudnn-conv = (f32[500,1,200,200]{3,2,1,0}, u8[0]{0}) custom-call(%bitcast.96, %constant.7836), window={size=53x53 pad=26_26x26_26}, dim_labels=bf01_oi01->bf01, custom_call_target="__cudnn$convForward", metadata={op_name="jit(log_prob)/jit(main)/jit(simulate)/conv_general_dilated" source_file="/tmp/ipykernel_332017/2104219631.py" source_line=1}, backend_config={"operation_queue_id":"0","wait_on_operation_queues":[],"cudnn_conv_backend_config":{"conv_result_scale":1,"activation_mode":"kNone","side_input_scale":0,"leakyrelu_alpha":0},"force_earliest_schedule":false,"reification_cost":[]} is taking a while...
2026-04-10 00:00:56.989588: E external/xla/xla/service/slow_operation_alarm.cc:73] Trying algorithm eng36{k2=5,k13=1,k14=3,k18=1,k23=0} for conv %cudnn-conv = (f32[500,1,200,200]{3,2,1,0}, u8[0]{0}) custom-call(%bitcast.96, %constant.7836), window={size=53x53 pad=26_26x26_26}, dim_labels=bf01_oi01->bf01, custom_call_target="__cudnn$convForward", metadata={op_name="jit(log_prob)/jit(main)/jit(simulate)/conv_general_dilated" source_file="/tmp/ipykernel_332017/2104219631.py" source_line=1}, backend_config={"operation_queue_id":"0","wait_on_operation_queues":[],"cudnn_conv_backend_config":{"conv_result_scale":1,"activation_mode":"kNone","side_input_scale":0,"leakyrelu_alpha":0},"force_earliest_schedule":false,"reification_cost":[]} is taking a while...
2026-04-10 00:01:13.253118: E external/xla/xla/service/slow_operation_alarm.cc:140] The operation took 17.263600164s
Trying algorithm eng36{k2=5,k13=1,k14=3,k18=1,k23=0} for conv %cudnn-conv = (f32[500,1,200,200]{3,2,1,0}, u8[0]{0}) custom-call(%bitcast.96, %constant.7836), window={size=53x53 pad=26_26x26_26}, dim_labels=bf01_oi01->bf01, custom_call_target="__cudnn$convForward", metadata={op_name="jit(log_prob)/jit(main)/jit(simulate)/conv_general_dilated" source_file="/tmp/ipykernel_332017/2104219631.py" source_line=1}, backend_config={"operation_queue_id":"0","wait_on_operation_queues":[],"cudnn_conv_backend_config":{"conv_result_scale":1,"activation_mode":"kNone","side_input_scale":0,"leakyrelu_alpha":0},"force_earliest_schedule":false,"reification_cost":[]} is taking a while...
2026-04-10 00:01:14.517752: E external/xla/xla/service/slow_operation_alarm.cc:73] Trying algorithm eng35{k2=1,k5=2,k14=5} for conv %cudnn-conv = (f32[500,1,200,200]{3,2,1,0}, u8[0]{0}) custom-call(%bitcast.96, %constant.7836), window={size=53x53 pad=26_26x26_26}, dim_labels=bf01_oi01->bf01, custom_call_target="__cudnn$convForward", metadata={op_name="jit(log_prob)/jit(main)/jit(simulate)/conv_general_dilated" source_file="/tmp/ipykernel_332017/2104219631.py" source_line=1}, backend_config={"operation_queue_id":"0","wait_on_operation_queues":[],"cudnn_conv_backend_config":{"conv_result_scale":1,"activation_mode":"kNone","side_input_scale":0,"leakyrelu_alpha":0},"force_earliest_schedule":false,"reification_cost":[]} is taking a while...
2026-04-10 00:01:17.839484: E external/xla/xla/service/slow_operation_alarm.cc:140] The operation took 4.321786665s
Trying algorithm eng35{k2=1,k5=2,k14=5} for conv %cudnn-conv = (f32[500,1,200,200]{3,2,1,0}, u8[0]{0}) custom-call(%bitcast.96, %constant.7836), window={size=53x53 pad=26_26x26_26}, dim_labels=bf01_oi01->bf01, custom_call_target="__cudnn$convForward", metadata={op_name="jit(log_prob)/jit(main)/jit(simulate)/conv_general_dilated" source_file="/tmp/ipykernel_332017/2104219631.py" source_line=1}, backend_config={"operation_queue_id":"0","wait_on_operation_queues":[],"cudnn_conv_backend_config":{"conv_result_scale":1,"activation_mode":"kNone","side_input_scale":0,"leakyrelu_alpha":0},"force_earliest_schedule":false,"reification_cost":[]} is taking a while...
2026-04-10 00:01:18.839634: E external/xla/xla/service/slow_operation_alarm.cc:73] Trying algorithm eng38{k2=4,k13=0,k14=2,k18=1,k22=2,k23=0} for conv %cudnn-conv = (f32[500,1,200,200]{3,2,1,0}, u8[0]{0}) custom-call(%bitcast.96, %constant.7836), window={size=53x53 pad=26_26x26_26}, dim_labels=bf01_oi01->bf01, custom_call_target="__cudnn$convForward", metadata={op_name="jit(log_prob)/jit(main)/jit(simulate)/conv_general_dilated" source_file="/tmp/ipykernel_332017/2104219631.py" source_line=1}, backend_config={"operation_queue_id":"0","wait_on_operation_queues":[],"cudnn_conv_backend_config":{"conv_result_scale":1,"activation_mode":"kNone","side_input_scale":0,"leakyrelu_alpha":0},"force_earliest_schedule":false,"reification_cost":[]} is taking a while...
2026-04-10 00:01:23.950276: E external/xla/xla/service/slow_operation_alarm.cc:140] The operation took 6.11070236s
Trying algorithm eng38{k2=4,k13=0,k14=2,k18=1,k22=2,k23=0} for conv %cudnn-conv = (f32[500,1,200,200]{3,2,1,0}, u8[0]{0}) custom-call(%bitcast.96, %constant.7836), window={size=53x53 pad=26_26x26_26}, dim_labels=bf01_oi01->bf01, custom_call_target="__cudnn$convForward", metadata={op_name="jit(log_prob)/jit(main)/jit(simulate)/conv_general_dilated" source_file="/tmp/ipykernel_332017/2104219631.py" source_line=1}, backend_config={"operation_queue_id":"0","wait_on_operation_queues":[],"cudnn_conv_backend_config":{"conv_result_scale":1,"activation_mode":"kNone","side_input_scale":0,"leakyrelu_alpha":0},"force_earliest_schedule":false,"reification_cost":[]} is taking a while...
2026-04-10 00:01:46.362653: W external/xla/xla/service/gpu/autotuning/dot_search_space.cc:200] All configs were filtered out because none of them sufficiently match the hints. Maybe the hints set does not contain a good representative set of valid configs?Working around this by using the full hints set instead.
2026-04-10 00:01:46.362682: W external/xla/xla/service/gpu/autotuning/dot_search_space.cc:200] All configs were filtered out because none of them sufficiently match the hints. Maybe the hints set does not contain a good representative set of valid configs?Working around this by using the full hints set instead.
[W 2026-04-10 00:01:46.495 ServerApp] WebSocket ping timeout after 119816 ms.
2026-04-10 00:01:50.287959: E external/xla/xla/service/slow_operation_alarm.cc:73] Trying algorithm eng35{k2=1,k5=3,k14=2} for conv %cudnn-conv = (f32[250,1,200,200]{3,2,1,0}, u8[0]{0}) custom-call(%bitcast.83, %constant.11408), window={size=53x53 pad=26_26x26_26}, dim_labels=bf01_oi01->bf01, custom_call_target="__cudnn$convForward", metadata={op_name="jit(run_svi)/jit(main)/while/body/jit(shmap_body)/jit(neg_elbo)/jvp(jit(log_prob))/jit(simulate)/conv_general_dilated" source_file="/tmp/ipykernel_332017/1250268184.py" source_line=7}, backend_config={"operation_queue_id":"0","wait_on_operation_queues":[],"cudnn_conv_backend_config":{"conv_result_scale":1,"activation_mode":"kNone","side_input_scale":0,"leakyrelu_alpha":0},"force_earliest_schedule":false,"reification_cost":[]} is taking a while...
[I 2026-04-10 00:01:51.496 ServerApp] Starting buffering for 3fb932d2-67ae-49b3-850f-be7a6aaeca14:4ae55ea9-6f47-468f-9233-79c4436de096
[W 2026-04-10 00:01:52.459 ServerApp] WebSocket ping timeout after 119974 ms.
2026-04-10 00:01:53.647503: E external/xla/xla/service/slow_operation_alarm.cc:140] The operation took 4.359603484s
Trying algorithm eng35{k2=1,k5=3,k14=2} for conv %cudnn-conv = (f32[250,1,200,200]{3,2,1,0}, u8[0]{0}) custom-call(%bitcast.83, %constant.11408), window={size=53x53 pad=26_26x26_26}, dim_labels=bf01_oi01->bf01, custom_call_target="__cudnn$convForward", metadata={op_name="jit(run_svi)/jit(main)/while/body/jit(shmap_body)/jit(neg_elbo)/jvp(jit(log_prob))/jit(simulate)/conv_general_dilated" source_file="/tmp/ipykernel_332017/1250268184.py" source_line=7}, backend_config={"operation_queue_id":"0","wait_on_operation_queues":[],"cudnn_conv_backend_config":{"conv_result_scale":1,"activation_mode":"kNone","side_input_scale":0,"leakyrelu_alpha":0},"force_earliest_schedule":false,"reification_cost":[]} is taking a while...
[W 2026-04-10 00:01:53.849 ServerApp] 
2026-04-10 00:01:54.647702: E external/xla/xla/service/slow_operation_alarm.cc:73] Trying algorithm eng36{k2=5,k13=1,k14=3,k18=1,k23=0} for conv %cudnn-conv = (f32[250,1,200,200]{3,2,1,0}, u8[0]{0}) custom-call(%bitcast.83, %constant.11408), window={size=53x53 pad=26_26x26_26}, dim_labels=bf01_oi01->bf01, custom_call_target="__cudnn$convForward", metadata={op_name="jit(run_svi)/jit(main)/while/body/jit(shmap_body)/jit(neg_elbo)/jvp(jit(log_prob))/jit(simulate)/conv_general_dilated" source_file="/tmp/ipykernel_332017/1250268184.py" source_line=7}, backend_config={"operation_queue_id":"0","wait_on_operation_queues":[],"cudnn_conv_backend_config":{"conv_result_scale":1,"activation_mode":"kNone","side_input_scale":0,"leakyrelu_alpha":0},"force_earliest_schedule":false,"reification_cost":[]} is taking a while...
[W 2026-04-10 00:01:54.849 ServerApp] 
[W 2026-04-10 00:01:56.362 LabApp] Could not determine jupyterlab build status without nodejs
[I 2026-04-10 00:01:56.466 ServerApp] Connecting to kernel 3fb932d2-67ae-49b3-850f-be7a6aaeca14.
[I 2026-04-10 00:01:56.529 ServerApp] Connecting to kernel e2439881-42ad-4194-9a20-7957ba08a9c6.
[I 2026-04-10 00:01:56.771 ServerApp] Starting buffering for 3fb932d2-67ae-49b3-850f-be7a6aaeca14:ee78463f-10e3-4ba0-ae4c-cb8b3d6e4a39
2026-04-10 00:02:02.280626: E external/xla/xla/service/slow_operation_alarm.cc:140] The operation took 8.632977362s
Trying algorithm eng36{k2=5,k13=1,k14=3,k18=1,k23=0} for conv %cudnn-conv = (f32[250,1,200,200]{3,2,1,0}, u8[0]{0}) custom-call(%bitcast.83, %constant.11408), window={size=53x53 pad=26_26x26_26}, dim_labels=bf01_oi01->bf01, custom_call_target="__cudnn$convForward", metadata={op_name="jit(run_svi)/jit(main)/while/body/jit(shmap_body)/jit(neg_elbo)/jvp(jit(log_prob))/jit(simulate)/conv_general_dilated" source_file="/tmp/ipykernel_332017/1250268184.py" source_line=7}, backend_config={"operation_queue_id":"0","wait_on_operation_queues":[],"cudnn_conv_backend_config":{"conv_result_scale":1,"activation_mode":"kNone","side_input_scale":0,"leakyrelu_alpha":0},"force_earliest_schedule":false,"reification_cost":[]} is taking a while...
2026-04-10 00:02:03.407858: E external/xla/xla/service/slow_operation_alarm.cc:73] Trying algorithm eng35{k2=1,k5=2,k14=5} for conv %cudnn-conv = (f32[250,1,200,200]{3,2,1,0}, u8[0]{0}) custom-call(%bitcast.83, %constant.11408), window={size=53x53 pad=26_26x26_26}, dim_labels=bf01_oi01->bf01, custom_call_target="__cudnn$convForward", metadata={op_name="jit(run_svi)/jit(main)/while/body/jit(shmap_body)/jit(neg_elbo)/jvp(jit(log_prob))/jit(simulate)/conv_general_dilated" source_file="/tmp/ipykernel_332017/1250268184.py" source_line=7}, backend_config={"operation_queue_id":"0","wait_on_operation_queues":[],"cudnn_conv_backend_config":{"conv_result_scale":1,"activation_mode":"kNone","side_input_scale":0,"leakyrelu_alpha":0},"force_earliest_schedule":false,"reification_cost":[]} is taking a while...
2026-04-10 00:02:04.570265: E external/xla/xla/service/slow_operation_alarm.cc:140] The operation took 2.162495587s
Trying algorithm eng35{k2=1,k5=2,k14=5} for conv %cudnn-conv = (f32[250,1,200,200]{3,2,1,0}, u8[0]{0}) custom-call(%bitcast.83, %constant.11408), window={size=53x53 pad=26_26x26_26}, dim_labels=bf01_oi01->bf01, custom_call_target="__cudnn$convForward", metadata={op_name="jit(run_svi)/jit(main)/while/body/jit(shmap_body)/jit(neg_elbo)/jvp(jit(log_prob))/jit(simulate)/conv_general_dilated" source_file="/tmp/ipykernel_332017/1250268184.py" source_line=7}, backend_config={"operation_queue_id":"0","wait_on_operation_queues":[],"cudnn_conv_backend_config":{"conv_result_scale":1,"activation_mode":"kNone","side_input_scale":0,"leakyrelu_alpha":0},"force_earliest_schedule":false,"reification_cost":[]} is taking a while...
[W 2026-04-10 00:02:04.596 TerminalsExtensionApp] WebSocket ping timeout after 119983 ms.
2026-04-10 00:02:05.570411: E external/xla/xla/service/slow_operation_alarm.cc:73] Trying algorithm eng38{k2=4,k13=0,k14=2,k18=1,k22=2,k23=0} for conv %cudnn-conv = (f32[250,1,200,200]{3,2,1,0}, u8[0]{0}) custom-call(%bitcast.83, %constant.11408), window={size=53x53 pad=26_26x26_26}, dim_labels=bf01_oi01->bf01, custom_call_target="__cudnn$convForward", metadata={op_name="jit(run_svi)/jit(main)/while/body/jit(shmap_body)/jit(neg_elbo)/jvp(jit(log_prob))/jit(simulate)/conv_general_dilated" source_file="/tmp/ipykernel_332017/1250268184.py" source_line=7}, backend_config={"operation_queue_id":"0","wait_on_operation_queues":[],"cudnn_conv_backend_config":{"conv_result_scale":1,"activation_mode":"kNone","side_input_scale":0,"leakyrelu_alpha":0},"force_earliest_schedule":false,"reification_cost":[]} is taking a while...
2026-04-10 00:02:07.628417: E external/xla/xla/service/slow_operation_alarm.cc:140] The operation took 3.058070518s
Trying algorithm eng38{k2=4,k13=0,k14=2,k18=1,k22=2,k23=0} for conv %cudnn-conv = (f32[250,1,200,200]{3,2,1,0}, u8[0]{0}) custom-call(%bitcast.83, %constant.11408), window={size=53x53 pad=26_26x26_26}, dim_labels=bf01_oi01->bf01, custom_call_target="__cudnn$convForward", metadata={op_name="jit(run_svi)/jit(main)/while/body/jit(shmap_body)/jit(neg_elbo)/jvp(jit(log_prob))/jit(simulate)/conv_general_dilated" source_file="/tmp/ipykernel_332017/1250268184.py" source_line=7}, backend_config={"operation_queue_id":"0","wait_on_operation_queues":[],"cudnn_conv_backend_config":{"conv_result_scale":1,"activation_mode":"kNone","side_input_scale":0,"leakyrelu_alpha":0},"force_earliest_schedule":false,"reification_cost":[]} is taking a while...
[I 2026-04-10 00:02:23.544 ServerApp] Connecting to kernel 3fb932d2-67ae-49b3-850f-be7a6aaeca14.
[I 2026-04-10 00:02:24.602 ServerApp] Connecting to kernel e2439881-42ad-4194-9a20-7957ba08a9c6.
[I 2026-04-10 00:03:11.941 ServerApp] Saving file at /global/homes/c/chaseg/desi-238/desi238-nuts.ipynb
[I 2026-04-10 00:03:11.968 ServerApp] Saving desi238-nuts.ipynb
[I 2026-04-10 00:03:20.707 ServerApp] Starting buffering for 3fb932d2-67ae-49b3-850f-be7a6aaeca14:dd2c111c-7b28-40ce-84be-c19ae39982cd
[I 2026-04-10 00:03:20.709 ServerApp] Kernel shutdown: 3fb932d2-67ae-49b3-850f-be7a6aaeca14
[W 2026-04-10 00:03:29.128 ServerApp] Notebook global/homes/c/chaseg/carousel/carousel.ipynb is not trusted
[I 2026-04-10 00:03:32.093 ServerApp] Kernel started: 2ef2836f-0ad7-43fc-aa36-1090ea02301e
[I 2026-04-10 00:03:35.385 ServerApp] Connecting to kernel 2ef2836f-0ad7-43fc-aa36-1090ea02301e.
[I 2026-04-10 00:03:35.438 ServerApp] Connecting to kernel 2ef2836f-0ad7-43fc-aa36-1090ea02301e.
[I 2026-04-10 00:03:35.483 ServerApp] Connecting to kernel 2ef2836f-0ad7-43fc-aa36-1090ea02301e.
[I 2026-04-10 00:04:10.451 ServerApp] Kernel interrupted: e2439881-42ad-4194-9a20-7957ba08a9c6
[I 2026-04-10 00:04:16.970 ServerApp] Kernel restarted: e2439881-42ad-4194-9a20-7957ba08a9c6
[I 2026-04-10 00:04:17.117 ServerApp] Connecting to kernel e2439881-42ad-4194-9a20-7957ba08a9c6.
2026-04-10 00:04:25.759646: E external/local_xla/xla/stream_executor/cuda/cuda_fft.cc:467] Unable to register cuFFT factory: Attempting to register factory for plugin cuFFT when one has already been registered
WARNING: All log messages before absl::InitializeLog() is called are written to STDERR
E0000 00:00:1775804665.776518  334579 cuda_dnn.cc:8579] Unable to register cuDNN factory: Attempting to register factory for plugin cuDNN when one has already been registered
E0000 00:00:1775804665.782060  334579 cuda_blas.cc:1407] Unable to register cuBLAS factory: Attempting to register factory for plugin cuBLAS when one has already been registered
W0000 00:00:1775804665.797372  334579 computation_placer.cc:177] computation placer already registered. Please check linkage and avoid linking the same target more than once.
W0000 00:00:1775804665.797389  334579 computation_placer.cc:177] computation placer already registered. Please check linkage and avoid linking the same target more than once.
W0000 00:00:1775804665.797392  334579 computation_placer.cc:177] computation placer already registered. Please check linkage and avoid linking the same target more than once.
W0000 00:00:1775804665.797393  334579 computation_placer.cc:177] computation placer already registered. Please check linkage and avoid linking the same target more than once.
[I 2026-04-10 00:05:12.564 ServerApp] Saving file at /global/homes/c/chaseg/desi-238/desi238-nuts.ipynb
[I 2026-04-10 00:05:12.589 ServerApp] Saving desi238-nuts.ipynb
[I 2026-04-10 00:05:30.545 ServerApp] Saving file at /global/homes/c/chaseg/carousel/carousel.ipynb
[I 2026-04-10 00:05:30.578 ServerApp] Saving carousel.ipynb
[W 2026-04-10 00:05:30.579 ServerApp] Notebook global/homes/c/chaseg/carousel/carousel.ipynb is not trusted
2026-04-10 00:05:39.674261: E external/xla/xla/service/slow_operation_alarm.cc:73] Trying algorithm eng35{k2=1,k5=3,k14=2} for conv %cudnn-conv = (f32[125,1,200,200]{3,2,1,0}, u8[0]{0}) custom-call(%bitcast.61, %constant.10788), window={size=53x53 pad=26_26x26_26}, dim_labels=bf01_oi01->bf01, custom_call_target="__cudnn$convForward", metadata={op_name="jit(run_map)/jit(main)/jit(shmap_body)/while/body/jit(loss)/jvp(jit(log_prob))/jit(simulate)/conv_general_dilated" source_file="/tmp/ipykernel_334579/1288025284.py" source_line=127}, backend_config={"operation_queue_id":"0","wait_on_operation_queues":[],"cudnn_conv_backend_config":{"conv_result_scale":1,"activation_mode":"kNone","side_input_scale":0,"leakyrelu_alpha":0},"force_earliest_schedule":false,"reification_cost":[]} is taking a while...
2026-04-10 00:05:40.865092: E external/xla/xla/service/slow_operation_alarm.cc:140] The operation took 2.190906985s
Trying algorithm eng35{k2=1,k5=3,k14=2} for conv %cudnn-conv = (f32[125,1,200,200]{3,2,1,0}, u8[0]{0}) custom-call(%bitcast.61, %constant.10788), window={size=53x53 pad=26_26x26_26}, dim_labels=bf01_oi01->bf01, custom_call_target="__cudnn$convForward", metadata={op_name="jit(run_map)/jit(main)/jit(shmap_body)/while/body/jit(loss)/jvp(jit(log_prob))/jit(simulate)/conv_general_dilated" source_file="/tmp/ipykernel_334579/1288025284.py" source_line=127}, backend_config={"operation_queue_id":"0","wait_on_operation_queues":[],"cudnn_conv_backend_config":{"conv_result_scale":1,"activation_mode":"kNone","side_input_scale":0,"leakyrelu_alpha":0},"force_earliest_schedule":false,"reification_cost":[]} is taking a while...
2026-04-10 00:05:41.865208: E external/xla/xla/service/slow_operation_alarm.cc:73] Trying algorithm eng36{k2=5,k13=1,k14=3,k18=1,k23=0} for conv %cudnn-conv = (f32[125,1,200,200]{3,2,1,0}, u8[0]{0}) custom-call(%bitcast.61, %constant.10788), window={size=53x53 pad=26_26x26_26}, dim_labels=bf01_oi01->bf01, custom_call_target="__cudnn$convForward", metadata={op_name="jit(run_map)/jit(main)/jit(shmap_body)/while/body/jit(loss)/jvp(jit(log_prob))/jit(simulate)/conv_general_dilated" source_file="/tmp/ipykernel_334579/1288025284.py" source_line=127}, backend_config={"operation_queue_id":"0","wait_on_operation_queues":[],"cudnn_conv_backend_config":{"conv_result_scale":1,"activation_mode":"kNone","side_input_scale":0,"leakyrelu_alpha":0},"force_earliest_schedule":false,"reification_cost":[]} is taking a while...
2026-04-10 00:05:45.185499: E external/xla/xla/service/slow_operation_alarm.cc:140] The operation took 4.320350835s
Trying algorithm eng36{k2=5,k13=1,k14=3,k18=1,k23=0} for conv %cudnn-conv = (f32[125,1,200,200]{3,2,1,0}, u8[0]{0}) custom-call(%bitcast.61, %constant.10788), window={size=53x53 pad=26_26x26_26}, dim_labels=bf01_oi01->bf01, custom_call_target="__cudnn$convForward", metadata={op_name="jit(run_map)/jit(main)/jit(shmap_body)/while/body/jit(loss)/jvp(jit(log_prob))/jit(simulate)/conv_general_dilated" source_file="/tmp/ipykernel_334579/1288025284.py" source_line=127}, backend_config={"operation_queue_id":"0","wait_on_operation_queues":[],"cudnn_conv_backend_config":{"conv_result_scale":1,"activation_mode":"kNone","side_input_scale":0,"leakyrelu_alpha":0},"force_earliest_schedule":false,"reification_cost":[]} is taking a while...
2026-04-10 00:05:46.253574: E external/xla/xla/service/slow_operation_alarm.cc:73] Trying algorithm eng35{k2=1,k5=2,k14=5} for conv %cudnn-conv = (f32[125,1,200,200]{3,2,1,0}, u8[0]{0}) custom-call(%bitcast.61, %constant.10788), window={size=53x53 pad=26_26x26_26}, dim_labels=bf01_oi01->bf01, custom_call_target="__cudnn$convForward", metadata={op_name="jit(run_map)/jit(main)/jit(shmap_body)/while/body/jit(loss)/jvp(jit(log_prob))/jit(simulate)/conv_general_dilated" source_file="/tmp/ipykernel_334579/1288025284.py" source_line=127}, backend_config={"operation_queue_id":"0","wait_on_operation_queues":[],"cudnn_conv_backend_config":{"conv_result_scale":1,"activation_mode":"kNone","side_input_scale":0,"leakyrelu_alpha":0},"force_earliest_schedule":false,"reification_cost":[]} is taking a while...
2026-04-10 00:05:46.342890: E external/xla/xla/service/slow_operation_alarm.cc:140] The operation took 1.089373586s
Trying algorithm eng35{k2=1,k5=2,k14=5} for conv %cudnn-conv = (f32[125,1,200,200]{3,2,1,0}, u8[0]{0}) custom-call(%bitcast.61, %constant.10788), window={size=53x53 pad=26_26x26_26}, dim_labels=bf01_oi01->bf01, custom_call_target="__cudnn$convForward", metadata={op_name="jit(run_map)/jit(main)/jit(shmap_body)/while/body/jit(loss)/jvp(jit(log_prob))/jit(simulate)/conv_general_dilated" source_file="/tmp/ipykernel_334579/1288025284.py" source_line=127}, backend_config={"operation_queue_id":"0","wait_on_operation_queues":[],"cudnn_conv_backend_config":{"conv_result_scale":1,"activation_mode":"kNone","side_input_scale":0,"leakyrelu_alpha":0},"force_earliest_schedule":false,"reification_cost":[]} is taking a while...
2026-04-10 00:05:47.343001: E external/xla/xla/service/slow_operation_alarm.cc:73] Trying algorithm eng38{k2=4,k13=0,k14=2,k18=1,k22=2,k23=0} for conv %cudnn-conv = (f32[125,1,200,200]{3,2,1,0}, u8[0]{0}) custom-call(%bitcast.61, %constant.10788), window={size=53x53 pad=26_26x26_26}, dim_labels=bf01_oi01->bf01, custom_call_target="__cudnn$convForward", metadata={op_name="jit(run_map)/jit(main)/jit(shmap_body)/while/body/jit(loss)/jvp(jit(log_prob))/jit(simulate)/conv_general_dilated" source_file="/tmp/ipykernel_334579/1288025284.py" source_line=127}, backend_config={"operation_queue_id":"0","wait_on_operation_queues":[],"cudnn_conv_backend_config":{"conv_result_scale":1,"activation_mode":"kNone","side_input_scale":0,"leakyrelu_alpha":0},"force_earliest_schedule":false,"reification_cost":[]} is taking a while...
2026-04-10 00:05:47.877340: E external/xla/xla/service/slow_operation_alarm.cc:140] The operation took 1.534410965s
Trying algorithm eng38{k2=4,k13=0,k14=2,k18=1,k22=2,k23=0} for conv %cudnn-conv = (f32[125,1,200,200]{3,2,1,0}, u8[0]{0}) custom-call(%bitcast.61, %constant.10788), window={size=53x53 pad=26_26x26_26}, dim_labels=bf01_oi01->bf01, custom_call_target="__cudnn$convForward", metadata={op_name="jit(run_map)/jit(main)/jit(shmap_body)/while/body/jit(loss)/jvp(jit(log_prob))/jit(simulate)/conv_general_dilated" source_file="/tmp/ipykernel_334579/1288025284.py" source_line=127}, backend_config={"operation_queue_id":"0","wait_on_operation_queues":[],"cudnn_conv_backend_config":{"conv_result_scale":1,"activation_mode":"kNone","side_input_scale":0,"leakyrelu_alpha":0},"force_earliest_schedule":false,"reification_cost":[]} is taking a while...
2026-04-10 00:07:05.845054: E external/xla/xla/service/slow_operation_alarm.cc:73] Trying algorithm eng1{k2=4,k3=0} for conv %cudnn-conv = (f32[500,1,200,200]{3,2,1,0}, u8[0]{0}) custom-call(%bitcast.96, %constant.7836), window={size=53x53 pad=26_26x26_26}, dim_labels=bf01_oi01->bf01, custom_call_target="__cudnn$convForward", metadata={op_name="jit(log_prob)/jit(main)/jit(simulate)/conv_general_dilated" source_file="/tmp/ipykernel_334579/2104219631.py" source_line=1}, backend_config={"operation_queue_id":"0","wait_on_operation_queues":[],"cudnn_conv_backend_config":{"conv_result_scale":1,"activation_mode":"kNone","side_input_scale":0,"leakyrelu_alpha":0},"force_earliest_schedule":false,"reification_cost":[]} is taking a while...
2026-04-10 00:07:06.490744: E external/xla/xla/service/slow_operation_alarm.cc:140] The operation took 1.645765497s
Trying algorithm eng1{k2=4,k3=0} for conv %cudnn-conv = (f32[500,1,200,200]{3,2,1,0}, u8[0]{0}) custom-call(%bitcast.96, %constant.7836), window={size=53x53 pad=26_26x26_26}, dim_labels=bf01_oi01->bf01, custom_call_target="__cudnn$convForward", metadata={op_name="jit(log_prob)/jit(main)/jit(simulate)/conv_general_dilated" source_file="/tmp/ipykernel_334579/2104219631.py" source_line=1}, backend_config={"operation_queue_id":"0","wait_on_operation_queues":[],"cudnn_conv_backend_config":{"conv_result_scale":1,"activation_mode":"kNone","side_input_scale":0,"leakyrelu_alpha":0},"force_earliest_schedule":false,"reification_cost":[]} is taking a while...
2026-04-10 00:07:07.490867: E external/xla/xla/service/slow_operation_alarm.cc:73] Trying algorithm eng35{k2=1,k5=3,k14=2} for conv %cudnn-conv = (f32[500,1,200,200]{3,2,1,0}, u8[0]{0}) custom-call(%bitcast.96, %constant.7836), window={size=53x53 pad=26_26x26_26}, dim_labels=bf01_oi01->bf01, custom_call_target="__cudnn$convForward", metadata={op_name="jit(log_prob)/jit(main)/jit(simulate)/conv_general_dilated" source_file="/tmp/ipykernel_334579/2104219631.py" source_line=1}, backend_config={"operation_queue_id":"0","wait_on_operation_queues":[],"cudnn_conv_backend_config":{"conv_result_scale":1,"activation_mode":"kNone","side_input_scale":0,"leakyrelu_alpha":0},"force_earliest_schedule":false,"reification_cost":[]} is taking a while...
[I 2026-04-10 00:07:13.071 ServerApp] Saving file at /global/homes/c/chaseg/desi-238/desi238-nuts.ipynb
[I 2026-04-10 00:07:13.097 ServerApp] Saving desi238-nuts.ipynb
2026-04-10 00:07:15.190240: E external/xla/xla/service/slow_operation_alarm.cc:140] The operation took 8.699269233s
Trying algorithm eng35{k2=1,k5=3,k14=2} for conv %cudnn-conv = (f32[500,1,200,200]{3,2,1,0}, u8[0]{0}) custom-call(%bitcast.96, %constant.7836), window={size=53x53 pad=26_26x26_26}, dim_labels=bf01_oi01->bf01, custom_call_target="__cudnn$convForward", metadata={op_name="jit(log_prob)/jit(main)/jit(simulate)/conv_general_dilated" source_file="/tmp/ipykernel_334579/2104219631.py" source_line=1}, backend_config={"operation_queue_id":"0","wait_on_operation_queues":[],"cudnn_conv_backend_config":{"conv_result_scale":1,"activation_mode":"kNone","side_input_scale":0,"leakyrelu_alpha":0},"force_earliest_schedule":false,"reification_cost":[]} is taking a while...
2026-04-10 00:07:16.190649: E external/xla/xla/service/slow_operation_alarm.cc:73] Trying algorithm eng36{k2=5,k13=1,k14=3,k18=1,k23=0} for conv %cudnn-conv = (f32[500,1,200,200]{3,2,1,0}, u8[0]{0}) custom-call(%bitcast.96, %constant.7836), window={size=53x53 pad=26_26x26_26}, dim_labels=bf01_oi01->bf01, custom_call_target="__cudnn$convForward", metadata={op_name="jit(log_prob)/jit(main)/jit(simulate)/conv_general_dilated" source_file="/tmp/ipykernel_334579/2104219631.py" source_line=1}, backend_config={"operation_queue_id":"0","wait_on_operation_queues":[],"cudnn_conv_backend_config":{"conv_result_scale":1,"activation_mode":"kNone","side_input_scale":0,"leakyrelu_alpha":0},"force_earliest_schedule":false,"reification_cost":[]} is taking a while...
2026-04-10 00:07:32.458648: E external/xla/xla/service/slow_operation_alarm.cc:140] The operation took 17.268073393s
Trying algorithm eng36{k2=5,k13=1,k14=3,k18=1,k23=0} for conv %cudnn-conv = (f32[500,1,200,200]{3,2,1,0}, u8[0]{0}) custom-call(%bitcast.96, %constant.7836), window={size=53x53 pad=26_26x26_26}, dim_labels=bf01_oi01->bf01, custom_call_target="__cudnn$convForward", metadata={op_name="jit(log_prob)/jit(main)/jit(simulate)/conv_general_dilated" source_file="/tmp/ipykernel_334579/2104219631.py" source_line=1}, backend_config={"operation_queue_id":"0","wait_on_operation_queues":[],"cudnn_conv_backend_config":{"conv_result_scale":1,"activation_mode":"kNone","side_input_scale":0,"leakyrelu_alpha":0},"force_earliest_schedule":false,"reification_cost":[]} is taking a while...
2026-04-10 00:07:33.711074: E external/xla/xla/service/slow_operation_alarm.cc:73] Trying algorithm eng35{k2=1,k5=2,k14=5} for conv %cudnn-conv = (f32[500,1,200,200]{3,2,1,0}, u8[0]{0}) custom-call(%bitcast.96, %constant.7836), window={size=53x53 pad=26_26x26_26}, dim_labels=bf01_oi01->bf01, custom_call_target="__cudnn$convForward", metadata={op_name="jit(log_prob)/jit(main)/jit(simulate)/conv_general_dilated" source_file="/tmp/ipykernel_334579/2104219631.py" source_line=1}, backend_config={"operation_queue_id":"0","wait_on_operation_queues":[],"cudnn_conv_backend_config":{"conv_result_scale":1,"activation_mode":"kNone","side_input_scale":0,"leakyrelu_alpha":0},"force_earliest_schedule":false,"reification_cost":[]} is taking a while...
2026-04-10 00:07:37.040271: E external/xla/xla/service/slow_operation_alarm.cc:140] The operation took 4.329267382s
Trying algorithm eng35{k2=1,k5=2,k14=5} for conv %cudnn-conv = (f32[500,1,200,200]{3,2,1,0}, u8[0]{0}) custom-call(%bitcast.96, %constant.7836), window={size=53x53 pad=26_26x26_26}, dim_labels=bf01_oi01->bf01, custom_call_target="__cudnn$convForward", metadata={op_name="jit(log_prob)/jit(main)/jit(simulate)/conv_general_dilated" source_file="/tmp/ipykernel_334579/2104219631.py" source_line=1}, backend_config={"operation_queue_id":"0","wait_on_operation_queues":[],"cudnn_conv_backend_config":{"conv_result_scale":1,"activation_mode":"kNone","side_input_scale":0,"leakyrelu_alpha":0},"force_earliest_schedule":false,"reification_cost":[]} is taking a while...
2026-04-10 00:07:38.040412: E external/xla/xla/service/slow_operation_alarm.cc:73] Trying algorithm eng38{k2=4,k13=0,k14=2,k18=1,k22=2,k23=0} for conv %cudnn-conv = (f32[500,1,200,200]{3,2,1,0}, u8[0]{0}) custom-call(%bitcast.96, %constant.7836), window={size=53x53 pad=26_26x26_26}, dim_labels=bf01_oi01->bf01, custom_call_target="__cudnn$convForward", metadata={op_name="jit(log_prob)/jit(main)/jit(simulate)/conv_general_dilated" source_file="/tmp/ipykernel_334579/2104219631.py" source_line=1}, backend_config={"operation_queue_id":"0","wait_on_operation_queues":[],"cudnn_conv_backend_config":{"conv_result_scale":1,"activation_mode":"kNone","side_input_scale":0,"leakyrelu_alpha":0},"force_earliest_schedule":false,"reification_cost":[]} is taking a while...
2026-04-10 00:07:43.152304: E external/xla/xla/service/slow_operation_alarm.cc:140] The operation took 6.111965869s
Trying algorithm eng38{k2=4,k13=0,k14=2,k18=1,k22=2,k23=0} for conv %cudnn-conv = (f32[500,1,200,200]{3,2,1,0}, u8[0]{0}) custom-call(%bitcast.96, %constant.7836), window={size=53x53 pad=26_26x26_26}, dim_labels=bf01_oi01->bf01, custom_call_target="__cudnn$convForward", metadata={op_name="jit(log_prob)/jit(main)/jit(simulate)/conv_general_dilated" source_file="/tmp/ipykernel_334579/2104219631.py" source_line=1}, backend_config={"operation_queue_id":"0","wait_on_operation_queues":[],"cudnn_conv_backend_config":{"conv_result_scale":1,"activation_mode":"kNone","side_input_scale":0,"leakyrelu_alpha":0},"force_earliest_schedule":false,"reification_cost":[]} is taking a while...
2026-04-10 00:08:05.408441: W external/xla/xla/service/gpu/autotuning/dot_search_space.cc:200] All configs were filtered out because none of them sufficiently match the hints. Maybe the hints set does not contain a good representative set of valid configs?Working around this by using the full hints set instead.
2026-04-10 00:08:05.408475: W external/xla/xla/service/gpu/autotuning/dot_search_space.cc:200] All configs were filtered out because none of them sufficiently match the hints. Maybe the hints set does not contain a good representative set of valid configs?Working around this by using the full hints set instead.
2026-04-10 00:08:09.350245: E external/xla/xla/service/slow_operation_alarm.cc:73] Trying algorithm eng35{k2=1,k5=3,k14=2} for conv %cudnn-conv = (f32[250,1,200,200]{3,2,1,0}, u8[0]{0}) custom-call(%bitcast.83, %constant.11408), window={size=53x53 pad=26_26x26_26}, dim_labels=bf01_oi01->bf01, custom_call_target="__cudnn$convForward", metadata={op_name="jit(run_svi)/jit(main)/while/body/jit(shmap_body)/jit(neg_elbo)/jvp(jit(log_prob))/jit(simulate)/conv_general_dilated" source_file="/tmp/ipykernel_334579/1250268184.py" source_line=7}, backend_config={"operation_queue_id":"0","wait_on_operation_queues":[],"cudnn_conv_backend_config":{"conv_result_scale":1,"activation_mode":"kNone","side_input_scale":0,"leakyrelu_alpha":0},"force_earliest_schedule":false,"reification_cost":[]} is taking a while...
2026-04-10 00:08:12.701529: E external/xla/xla/service/slow_operation_alarm.cc:140] The operation took 4.351413456s
Trying algorithm eng35{k2=1,k5=3,k14=2} for conv %cudnn-conv = (f32[250,1,200,200]{3,2,1,0}, u8[0]{0}) custom-call(%bitcast.83, %constant.11408), window={size=53x53 pad=26_26x26_26}, dim_labels=bf01_oi01->bf01, custom_call_target="__cudnn$convForward", metadata={op_name="jit(run_svi)/jit(main)/while/body/jit(shmap_body)/jit(neg_elbo)/jvp(jit(log_prob))/jit(simulate)/conv_general_dilated" source_file="/tmp/ipykernel_334579/1250268184.py" source_line=7}, backend_config={"operation_queue_id":"0","wait_on_operation_queues":[],"cudnn_conv_backend_config":{"conv_result_scale":1,"activation_mode":"kNone","side_input_scale":0,"leakyrelu_alpha":0},"force_earliest_schedule":false,"reification_cost":[]} is taking a while...
2026-04-10 00:08:13.701715: E external/xla/xla/service/slow_operation_alarm.cc:73] Trying algorithm eng36{k2=5,k13=1,k14=3,k18=1,k23=0} for conv %cudnn-conv = (f32[250,1,200,200]{3,2,1,0}, u8[0]{0}) custom-call(%bitcast.83, %constant.11408), window={size=53x53 pad=26_26x26_26}, dim_labels=bf01_oi01->bf01, custom_call_target="__cudnn$convForward", metadata={op_name="jit(run_svi)/jit(main)/while/body/jit(shmap_body)/jit(neg_elbo)/jvp(jit(log_prob))/jit(simulate)/conv_general_dilated" source_file="/tmp/ipykernel_334579/1250268184.py" source_line=7}, backend_config={"operation_queue_id":"0","wait_on_operation_queues":[],"cudnn_conv_backend_config":{"conv_result_scale":1,"activation_mode":"kNone","side_input_scale":0,"leakyrelu_alpha":0},"force_earliest_schedule":false,"reification_cost":[]} is taking a while...
2026-04-10 00:08:21.334718: E external/xla/xla/service/slow_operation_alarm.cc:140] The operation took 8.633069966s
Trying algorithm eng36{k2=5,k13=1,k14=3,k18=1,k23=0} for conv %cudnn-conv = (f32[250,1,200,200]{3,2,1,0}, u8[0]{0}) custom-call(%bitcast.83, %constant.11408), window={size=53x53 pad=26_26x26_26}, dim_labels=bf01_oi01->bf01, custom_call_target="__cudnn$convForward", metadata={op_name="jit(run_svi)/jit(main)/while/body/jit(shmap_body)/jit(neg_elbo)/jvp(jit(log_prob))/jit(simulate)/conv_general_dilated" source_file="/tmp/ipykernel_334579/1250268184.py" source_line=7}, backend_config={"operation_queue_id":"0","wait_on_operation_queues":[],"cudnn_conv_backend_config":{"conv_result_scale":1,"activation_mode":"kNone","side_input_scale":0,"leakyrelu_alpha":0},"force_earliest_schedule":false,"reification_cost":[]} is taking a while...
2026-04-10 00:08:22.461776: E external/xla/xla/service/slow_operation_alarm.cc:73] Trying algorithm eng35{k2=1,k5=2,k14=5} for conv %cudnn-conv = (f32[250,1,200,200]{3,2,1,0}, u8[0]{0}) custom-call(%bitcast.83, %constant.11408), window={size=53x53 pad=26_26x26_26}, dim_labels=bf01_oi01->bf01, custom_call_target="__cudnn$convForward", metadata={op_name="jit(run_svi)/jit(main)/while/body/jit(shmap_body)/jit(neg_elbo)/jvp(jit(log_prob))/jit(simulate)/conv_general_dilated" source_file="/tmp/ipykernel_334579/1250268184.py" source_line=7}, backend_config={"operation_queue_id":"0","wait_on_operation_queues":[],"cudnn_conv_backend_config":{"conv_result_scale":1,"activation_mode":"kNone","side_input_scale":0,"leakyrelu_alpha":0},"force_earliest_schedule":false,"reification_cost":[]} is taking a while...
2026-04-10 00:08:23.624199: E external/xla/xla/service/slow_operation_alarm.cc:140] The operation took 2.162514928s
Trying algorithm eng35{k2=1,k5=2,k14=5} for conv %cudnn-conv = (f32[250,1,200,200]{3,2,1,0}, u8[0]{0}) custom-call(%bitcast.83, %constant.11408), window={size=53x53 pad=26_26x26_26}, dim_labels=bf01_oi01->bf01, custom_call_target="__cudnn$convForward", metadata={op_name="jit(run_svi)/jit(main)/while/body/jit(shmap_body)/jit(neg_elbo)/jvp(jit(log_prob))/jit(simulate)/conv_general_dilated" source_file="/tmp/ipykernel_334579/1250268184.py" source_line=7}, backend_config={"operation_queue_id":"0","wait_on_operation_queues":[],"cudnn_conv_backend_config":{"conv_result_scale":1,"activation_mode":"kNone","side_input_scale":0,"leakyrelu_alpha":0},"force_earliest_schedule":false,"reification_cost":[]} is taking a while...
2026-04-10 00:08:24.624345: E external/xla/xla/service/slow_operation_alarm.cc:73] Trying algorithm eng38{k2=4,k13=0,k14=2,k18=1,k22=2,k23=0} for conv %cudnn-conv = (f32[250,1,200,200]{3,2,1,0}, u8[0]{0}) custom-call(%bitcast.83, %constant.11408), window={size=53x53 pad=26_26x26_26}, dim_labels=bf01_oi01->bf01, custom_call_target="__cudnn$convForward", metadata={op_name="jit(run_svi)/jit(main)/while/body/jit(shmap_body)/jit(neg_elbo)/jvp(jit(log_prob))/jit(simulate)/conv_general_dilated" source_file="/tmp/ipykernel_334579/1250268184.py" source_line=7}, backend_config={"operation_queue_id":"0","wait_on_operation_queues":[],"cudnn_conv_backend_config":{"conv_result_scale":1,"activation_mode":"kNone","side_input_scale":0,"leakyrelu_alpha":0},"force_earliest_schedule":false,"reification_cost":[]} is taking a while...
2026-04-10 00:08:26.688022: E external/xla/xla/service/slow_operation_alarm.cc:140] The operation took 3.063742356s
Trying algorithm eng38{k2=4,k13=0,k14=2,k18=1,k22=2,k23=0} for conv %cudnn-conv = (f32[250,1,200,200]{3,2,1,0}, u8[0]{0}) custom-call(%bitcast.83, %constant.11408), window={size=53x53 pad=26_26x26_26}, dim_labels=bf01_oi01->bf01, custom_call_target="__cudnn$convForward", metadata={op_name="jit(run_svi)/jit(main)/while/body/jit(shmap_body)/jit(neg_elbo)/jvp(jit(log_prob))/jit(simulate)/conv_general_dilated" source_file="/tmp/ipykernel_334579/1250268184.py" source_line=7}, backend_config={"operation_queue_id":"0","wait_on_operation_queues":[],"cudnn_conv_backend_config":{"conv_result_scale":1,"activation_mode":"kNone","side_input_scale":0,"leakyrelu_alpha":0},"force_earliest_schedule":false,"reification_cost":[]} is taking a while...
[I 2026-04-10 00:09:13.384 ServerApp] Saving file at /global/homes/c/chaseg/desi-238/desi238-nuts.ipynb
[I 2026-04-10 00:09:13.408 ServerApp] Saving desi238-nuts.ipynb
2026-04-10 00:11:44.705911: W external/xla/xla/service/gpu/autotuning/dot_search_space.cc:200] All configs were filtered out because none of them sufficiently match the hints. Maybe the hints set does not contain a good representative set of valid configs?Working around this by using the full hints set instead.
2026-04-10 00:12:48.531811: W external/xla/xla/service/gpu/autotuning/dot_search_space.cc:200] All configs were filtered out because none of them sufficiently match the hints. Maybe the hints set does not contain a good representative set of valid configs?Working around this by using the full hints set instead.
[I 2026-04-10 00:13:13.685 ServerApp] Saving file at /global/homes/c/chaseg/desi-238/desi238-nuts.ipynb
[I 2026-04-10 00:13:13.719 ServerApp] Saving desi238-nuts.ipynb
[I 2026-04-10 00:17:14.119 ServerApp] Saving file at /global/homes/c/chaseg/desi-238/desi238-nuts.ipynb
[I 2026-04-10 00:17:14.148 ServerApp] Saving desi238-nuts.ipynb
[I 2026-04-10 00:19:14.593 ServerApp] Saving file at /global/homes/c/chaseg/desi-238/desi238-nuts.ipynb
[I 2026-04-10 00:19:14.620 ServerApp] Saving desi238-nuts.ipynb
[I 2026-04-10 00:21:15.143 ServerApp] Saving file at /global/homes/c/chaseg/desi-238/desi238-nuts.ipynb
[I 2026-04-10 00:21:15.171 ServerApp] Saving desi238-nuts.ipynb
/global/common/software/nersc9/jupyter/ex/26-03/lib/python3.10/json/encoder.py:257: UserWarning: date_default is deprecated since jupyter_client 7.0.0. Use jupyter_client.jsonutil.json_default.
  return _iterencode(o, 0)
[I 2026-04-10 00:22:23.376 ServerApp] Kernel shutdown: e2439881-42ad-4194-9a20-7957ba08a9c6
[I 2026-04-10 00:22:38.546 ServerApp] Kernel started: b8441ac9-179b-40e5-a932-4b0315d2516b
[I 2026-04-10 00:22:38.548 ServerApp] Kernel shutdown: 2ef2836f-0ad7-43fc-aa36-1090ea02301e
[I 2026-04-10 00:22:42.962 ServerApp] Connecting to kernel b8441ac9-179b-40e5-a932-4b0315d2516b.
2026-04-10 00:22:46.449312: E external/local_xla/xla/stream_executor/cuda/cuda_fft.cc:467] Unable to register cuFFT factory: Attempting to register factory for plugin cuFFT when one has already been registered
WARNING: All log messages before absl::InitializeLog() is called are written to STDERR
E0000 00:00:1775805766.464817  338115 cuda_dnn.cc:8579] Unable to register cuDNN factory: Attempting to register factory for plugin cuDNN when one has already been registered
E0000 00:00:1775805766.469868  338115 cuda_blas.cc:1407] Unable to register cuBLAS factory: Attempting to register factory for plugin cuBLAS when one has already been registered
W0000 00:00:1775805766.483854  338115 computation_placer.cc:177] computation placer already registered. Please check linkage and avoid linking the same target more than once.
W0000 00:00:1775805766.483867  338115 computation_placer.cc:177] computation placer already registered. Please check linkage and avoid linking the same target more than once.
W0000 00:00:1775805766.483869  338115 computation_placer.cc:177] computation placer already registered. Please check linkage and avoid linking the same target more than once.
W0000 00:00:1775805766.483871  338115 computation_placer.cc:177] computation placer already registered. Please check linkage and avoid linking the same target more than once.
[I 2026-04-10 00:23:32.267 ServerApp] Saving file at /global/homes/c/chaseg/carousel/carousel.ipynb
[I 2026-04-10 00:23:32.301 ServerApp] Saving carousel.ipynb
[W 2026-04-10 00:23:32.302 ServerApp] Notebook global/homes/c/chaseg/carousel/carousel.ipynb is not trusted
[I 2026-04-10 00:23:35.643 ServerApp] Kernel started: 32fbe936-f891-4995-b462-409c6aca0620
[I 2026-04-10 00:23:39.545 ServerApp] Connecting to kernel 32fbe936-f891-4995-b462-409c6aca0620.
[I 2026-04-10 00:24:29.461 ServerApp] Saving file at /global/homes/c/chaseg/carousel/carousel.ipynb
[I 2026-04-10 00:24:29.497 ServerApp] Saving carousel.ipynb
[W 2026-04-10 00:24:29.498 ServerApp] Notebook global/homes/c/chaseg/carousel/carousel.ipynb is not trusted
[I 2026-04-10 00:24:49.446 ServerApp] Saving file at /global/homes/c/chaseg/carousel/carousel.ipynb
[I 2026-04-10 00:24:49.480 ServerApp] Saving carousel.ipynb
[W 2026-04-10 00:24:49.481 ServerApp] Notebook global/homes/c/chaseg/carousel/carousel.ipynb is not trusted
[I 2026-04-10 00:24:51.627 ServerApp] Saving file at /global/homes/c/chaseg/carousel/carousel.ipynb
[I 2026-04-10 00:24:51.656 ServerApp] Saving carousel.ipynb
[W 2026-04-10 00:24:51.657 ServerApp] Notebook global/homes/c/chaseg/carousel/carousel.ipynb is not trusted
[I 2026-04-10 00:25:42.975 ServerApp] Saving file at /global/homes/c/chaseg/carousel/carousel.ipynb
[I 2026-04-10 00:25:43.048 ServerApp] Saving carousel.ipynb
[W 2026-04-10 00:25:43.049 ServerApp] Notebook global/homes/c/chaseg/carousel/carousel.ipynb is not trusted
[I 2026-04-10 00:25:52.834 ServerApp] Saving file at /global/homes/c/chaseg/carousel/carousel.ipynb
[I 2026-04-10 00:25:52.865 ServerApp] Saving carousel.ipynb
[W 2026-04-10 00:25:52.866 ServerApp] Notebook global/homes/c/chaseg/carousel/carousel.ipynb is not trusted
[I 2026-04-10 00:26:32.329 ServerApp] Saving file at /global/homes/c/chaseg/carousel/carousel.ipynb
[I 2026-04-10 00:26:32.361 ServerApp] Saving carousel.ipynb
[W 2026-04-10 00:26:32.362 ServerApp] Notebook global/homes/c/chaseg/carousel/carousel.ipynb is not trusted
[I 2026-04-10 00:28:34.175 ServerApp] Saving file at /global/homes/c/chaseg/carousel/carousel.ipynb
[I 2026-04-10 00:28:34.205 ServerApp] Saving carousel.ipynb
[W 2026-04-10 00:28:34.206 ServerApp] Notebook global/homes/c/chaseg/carousel/carousel.ipynb is not trusted
[I 2026-04-10 00:30:35.077 ServerApp] Saving file at /global/homes/c/chaseg/carousel/carousel.ipynb
[I 2026-04-10 00:30:35.105 ServerApp] Saving carousel.ipynb
[W 2026-04-10 00:30:35.106 ServerApp] Notebook global/homes/c/chaseg/carousel/carousel.ipynb is not trusted
[I 2026-04-10 00:31:10.105 ServerApp] Kernel restarted: b8441ac9-179b-40e5-a932-4b0315d2516b
[I 2026-04-10 00:31:10.119 ServerApp] Starting buffering for b8441ac9-179b-40e5-a932-4b0315d2516b:157a23dd-f2a9-4b42-8d48-4698be68737c
[I 2026-04-10 00:31:10.147 ServerApp] Connecting to kernel b8441ac9-179b-40e5-a932-4b0315d2516b.
[I 2026-04-10 00:31:10.147 ServerApp] Restoring connection for b8441ac9-179b-40e5-a932-4b0315d2516b:157a23dd-f2a9-4b42-8d48-4698be68737c
2026-04-10 00:31:18.120809: E external/local_xla/xla/stream_executor/cuda/cuda_fft.cc:467] Unable to register cuFFT factory: Attempting to register factory for plugin cuFFT when one has already been registered
WARNING: All log messages before absl::InitializeLog() is called are written to STDERR
E0000 00:00:1775806278.136501  339938 cuda_dnn.cc:8579] Unable to register cuDNN factory: Attempting to register factory for plugin cuDNN when one has already been registered
E0000 00:00:1775806278.141825  339938 cuda_blas.cc:1407] Unable to register cuBLAS factory: Attempting to register factory for plugin cuBLAS when one has already been registered
W0000 00:00:1775806278.155770  339938 computation_placer.cc:177] computation placer already registered. Please check linkage and avoid linking the same target more than once.
W0000 00:00:1775806278.155785  339938 computation_placer.cc:177] computation placer already registered. Please check linkage and avoid linking the same target more than once.
W0000 00:00:1775806278.155788  339938 computation_placer.cc:177] computation placer already registered. Please check linkage and avoid linking the same target more than once.
W0000 00:00:1775806278.155790  339938 computation_placer.cc:177] computation placer already registered. Please check linkage and avoid linking the same target more than once.
[I 2026-04-10 00:32:35.540 ServerApp] Saving file at /global/homes/c/chaseg/carousel/carousel.ipynb
[I 2026-04-10 00:32:35.574 ServerApp] Saving carousel.ipynb
[I 2026-04-10 00:34:36.021 ServerApp] Saving file at /global/homes/c/chaseg/carousel/carousel.ipynb
[I 2026-04-10 00:34:36.052 ServerApp] Saving carousel.ipynb
[W 2026-04-10 00:35:11.643 ServerApp] Notebook global/homes/c/chaseg/carousel/model_data/psf.ipynb is not trusted
[I 2026-04-10 00:35:12.056 ServerApp] Kernel started: 141db814-24e5-498f-b9e9-62b455299dc5
[I 2026-04-10 00:35:15.355 ServerApp] Connecting to kernel 141db814-24e5-498f-b9e9-62b455299dc5.
[I 2026-04-10 00:35:32.442 ServerApp] Kernel started: ed2a867c-890d-415d-9b5c-7bf1399baca6
[I 2026-04-10 00:35:32.443 ServerApp] Kernel shutdown: 141db814-24e5-498f-b9e9-62b455299dc5
[I 2026-04-10 00:35:36.897 ServerApp] Connecting to kernel ed2a867c-890d-415d-9b5c-7bf1399baca6.
[I 2026-04-10 00:36:36.421 ServerApp] Saving file at /global/homes/c/chaseg/carousel/carousel.ipynb
[I 2026-04-10 00:36:36.463 ServerApp] Saving carousel.ipynb
[I 2026-04-10 00:37:12.005 ServerApp] Saving file at /global/homes/c/chaseg/carousel/model_data/psf.ipynb
[I 2026-04-10 00:37:12.040 ServerApp] Saving psf.ipynb
[I 2026-04-10 00:37:24.777 ServerApp] Saving file at /global/homes/c/chaseg/carousel/carousel.ipynb
[I 2026-04-10 00:37:24.810 ServerApp] Saving carousel.ipynb
[W 2026-04-10 00:38:02.723 ServerApp] Notebook global/homes/c/chaseg/carousel/carousel-MUSE.ipynb is not trusted
[I 2026-04-10 00:38:03.943 ServerApp] Kernel started: b265229e-610e-4a56-a803-118c428176bf
[I 2026-04-10 00:38:06.475 ServerApp] Connecting to kernel b265229e-610e-4a56-a803-118c428176bf.
[I 2026-04-10 00:38:17.250 ServerApp] Kernel started: 9fbe0aa2-6a79-429d-b207-1f16f3e097c7
[I 2026-04-10 00:38:17.251 ServerApp] Kernel shutdown: b265229e-610e-4a56-a803-118c428176bf
[I 2026-04-10 00:38:21.375 ServerApp] Connecting to kernel 9fbe0aa2-6a79-429d-b207-1f16f3e097c7.
2026-04-10 00:38:25.301176: E external/local_xla/xla/stream_executor/cuda/cuda_fft.cc:467] Unable to register cuFFT factory: Attempting to register factory for plugin cuFFT when one has already been registered
WARNING: All log messages before absl::InitializeLog() is called are written to STDERR
E0000 00:00:1775806705.316148  341966 cuda_dnn.cc:8579] Unable to register cuDNN factory: Attempting to register factory for plugin cuDNN when one has already been registered
E0000 00:00:1775806705.321067  341966 cuda_blas.cc:1407] Unable to register cuBLAS factory: Attempting to register factory for plugin cuBLAS when one has already been registered
W0000 00:00:1775806705.334528  341966 computation_placer.cc:177] computation placer already registered. Please check linkage and avoid linking the same target more than once.
W0000 00:00:1775806705.334541  341966 computation_placer.cc:177] computation placer already registered. Please check linkage and avoid linking the same target more than once.
W0000 00:00:1775806705.334543  341966 computation_placer.cc:177] computation placer already registered. Please check linkage and avoid linking the same target more than once.
W0000 00:00:1775806705.334545  341966 computation_placer.cc:177] computation placer already registered. Please check linkage and avoid linking the same target more than once.
[I 2026-04-10 00:39:33.815 ServerApp] Saving file at /global/homes/c/chaseg/carousel/carousel-MUSE.ipynb
[I 2026-04-10 00:39:33.848 ServerApp] Saving carousel-MUSE.ipynb
[W 2026-04-10 00:39:33.849 ServerApp] Notebook global/homes/c/chaseg/carousel/carousel-MUSE.ipynb is not trusted
[I 2026-04-10 00:39:36.171 ServerApp] Kernel restarted: 9fbe0aa2-6a79-429d-b207-1f16f3e097c7
[I 2026-04-10 00:39:36.220 ServerApp] Starting buffering for 9fbe0aa2-6a79-429d-b207-1f16f3e097c7:810e1f87-9b32-471b-a1ef-61ceb7dfaada
[I 2026-04-10 00:39:36.223 ServerApp] Connecting to kernel 9fbe0aa2-6a79-429d-b207-1f16f3e097c7.
[I 2026-04-10 00:39:36.223 ServerApp] Restoring connection for 9fbe0aa2-6a79-429d-b207-1f16f3e097c7:810e1f87-9b32-471b-a1ef-61ceb7dfaada
2026-04-10 00:39:43.896149: E external/local_xla/xla/stream_executor/cuda/cuda_fft.cc:467] Unable to register cuFFT factory: Attempting to register factory for plugin cuFFT when one has already been registered
WARNING: All log messages before absl::InitializeLog() is called are written to STDERR
E0000 00:00:1775806783.911565  342532 cuda_dnn.cc:8579] Unable to register cuDNN factory: Attempting to register factory for plugin cuDNN when one has already been registered
E0000 00:00:1775806783.916467  342532 cuda_blas.cc:1407] Unable to register cuBLAS factory: Attempting to register factory for plugin cuBLAS when one has already been registered
W0000 00:00:1775806783.929899  342532 computation_placer.cc:177] computation placer already registered. Please check linkage and avoid linking the same target more than once.
W0000 00:00:1775806783.929912  342532 computation_placer.cc:177] computation placer already registered. Please check linkage and avoid linking the same target more than once.
W0000 00:00:1775806783.929915  342532 computation_placer.cc:177] computation placer already registered. Please check linkage and avoid linking the same target more than once.
W0000 00:00:1775806783.929916  342532 computation_placer.cc:177] computation placer already registered. Please check linkage and avoid linking the same target more than once.
[I 2026-04-10 00:41:34.333 ServerApp] Saving file at /global/homes/c/chaseg/carousel/carousel-MUSE.ipynb
[I 2026-04-10 00:41:34.362 ServerApp] Saving carousel-MUSE.ipynb
[I 2026-04-10 00:43:34.915 ServerApp] Saving file at /global/homes/c/chaseg/carousel/carousel-MUSE.ipynb
[I 2026-04-10 00:43:34.945 ServerApp] Saving carousel-MUSE.ipynb
[I 2026-04-10 00:45:35.589 ServerApp] Saving file at /global/homes/c/chaseg/carousel/carousel-MUSE.ipynb
[I 2026-04-10 00:45:35.617 ServerApp] Saving carousel-MUSE.ipynb
[I 2026-04-10 00:46:43.503 ServerApp] Saving file at /global/homes/c/chaseg/carousel/carouselMAP.py
[I 2026-04-10 00:46:49.591 ServerApp] New terminal with automatic name: 2
[I 2026-04-10 00:46:51.029 ServerApp] Starting buffering for ed2a867c-890d-415d-9b5c-7bf1399baca6:1791a813-b638-4d96-bedf-affb1320f871
[I 2026-04-10 00:46:51.031 ServerApp] Kernel shutdown: ed2a867c-890d-415d-9b5c-7bf1399baca6
[I 2026-04-10 00:46:54.466 ServerApp] Starting buffering for 32fbe936-f891-4995-b462-409c6aca0620:97c8c275-7356-4bf8-bdb8-289e190d0f62
[I 2026-04-10 00:46:54.468 ServerApp] Kernel shutdown: 32fbe936-f891-4995-b462-409c6aca0620
[I 2026-04-10 00:46:56.744 ServerApp] Starting buffering for 9fbe0aa2-6a79-429d-b207-1f16f3e097c7:810e1f87-9b32-471b-a1ef-61ceb7dfaada
[I 2026-04-10 00:46:56.747 ServerApp] Kernel shutdown: 9fbe0aa2-6a79-429d-b207-1f16f3e097c7
[I 2026-04-10 00:46:57.508 ServerApp] Starting buffering for b8441ac9-179b-40e5-a932-4b0315d2516b:157a23dd-f2a9-4b42-8d48-4698be68737c
[I 2026-04-10 00:46:57.510 ServerApp] Kernel shutdown: b8441ac9-179b-40e5-a932-4b0315d2516b
[I 2026-04-10 00:59:59.963 ServerApp] Saving file at /global/homes/c/chaseg/carousel/carousel.slurm
[W 2026-04-10 01:00:34.196 ServerApp] Notebook global/homes/c/chaseg/carousel/carousel-MUSE-single_plane.ipynb is not trusted
[I 2026-04-10 01:00:35.291 ServerApp] Kernel started: 6d056384-b015-47a7-939a-8e50bfc93da5
[I 2026-04-10 01:00:38.752 ServerApp] Connecting to kernel 6d056384-b015-47a7-939a-8e50bfc93da5.
[W 2026-04-10 01:00:51.879 ServerApp] Notebook global/homes/c/chaseg/carousel/cosmology.ipynb is not trusted
[I 2026-04-10 01:00:53.584 ServerApp] Kernel started: 01f7466c-c2b1-4e56-ae71-bc00f3cb9578
[I 2026-04-10 01:00:56.039 ServerApp] Connecting to kernel 01f7466c-c2b1-4e56-ae71-bc00f3cb9578.
[W 2026-04-10 01:00:58.620 ServerApp] Notebook global/homes/c/chaseg/carousel/script.ipynb is not trusted
[I 2026-04-10 01:00:58.908 ServerApp] Kernel started: 2fc48102-1343-4dbd-9e5e-4c4202255f0a
[I 2026-04-10 01:01:01.380 ServerApp] Connecting to kernel 2fc48102-1343-4dbd-9e5e-4c4202255f0a.
[I 2026-04-10 01:01:03.331 ServerApp] Kernel started: f06774a3-ecc5-4d6a-a7e7-fee3cac341ff
[I 2026-04-10 01:01:07.837 ServerApp] Connecting to kernel f06774a3-ecc5-4d6a-a7e7-fee3cac341ff.
[I 2026-04-10 01:01:29.170 ServerApp] Starting buffering for 6d056384-b015-47a7-939a-8e50bfc93da5:00466ef6-8687-4ddf-bdfd-6cbe1d07946c
[I 2026-04-10 01:01:29.172 ServerApp] Kernel shutdown: 6d056384-b015-47a7-939a-8e50bfc93da5
[I 2026-04-10 01:01:31.579 ServerApp] Starting buffering for 01f7466c-c2b1-4e56-ae71-bc00f3cb9578:1ab9ce77-7466-4923-9d23-ef8e968bf710
[I 2026-04-10 01:01:31.581 ServerApp] Kernel shutdown: 01f7466c-c2b1-4e56-ae71-bc00f3cb9578
[I 2026-04-10 01:01:33.604 ServerApp] Starting buffering for 2fc48102-1343-4dbd-9e5e-4c4202255f0a:0e646961-e5f4-4721-bfb4-6a381efddb7e
[I 2026-04-10 01:01:33.605 ServerApp] Kernel shutdown: 2fc48102-1343-4dbd-9e5e-4c4202255f0a
2026-04-10 01:01:41.214846: E external/local_xla/xla/stream_executor/cuda/cuda_fft.cc:467] Unable to register cuFFT factory: Attempting to register factory for plugin cuFFT when one has already been registered
WARNING: All log messages before absl::InitializeLog() is called are written to STDERR
E0000 00:00:1775808101.230618  345092 cuda_dnn.cc:8579] Unable to register cuDNN factory: Attempting to register factory for plugin cuDNN when one has already been registered
E0000 00:00:1775808101.235966  345092 cuda_blas.cc:1407] Unable to register cuBLAS factory: Attempting to register factory for plugin cuBLAS when one has already been registered
W0000 00:00:1775808101.250820  345092 computation_placer.cc:177] computation placer already registered. Please check linkage and avoid linking the same target more than once.
W0000 00:00:1775808101.250834  345092 computation_placer.cc:177] computation placer already registered. Please check linkage and avoid linking the same target more than once.
W0000 00:00:1775808101.250836  345092 computation_placer.cc:177] computation placer already registered. Please check linkage and avoid linking the same target more than once.
W0000 00:00:1775808101.250838  345092 computation_placer.cc:177] computation placer already registered. Please check linkage and avoid linking the same target more than once.
[I 2026-04-10 01:03:03.063 ServerApp] Saving file at /global/homes/c/chaseg/carousel/carousel.ipynb
[I 2026-04-10 01:03:03.096 ServerApp] Saving carousel.ipynb
[I 2026-04-10 01:03:11.100 ServerApp] Kernel restarted: f06774a3-ecc5-4d6a-a7e7-fee3cac341ff
[I 2026-04-10 01:03:11.141 ServerApp] Starting buffering for f06774a3-ecc5-4d6a-a7e7-fee3cac341ff:7b3d769a-dc83-4ebf-8c91-e4594081bdf4
[I 2026-04-10 01:03:11.219 ServerApp] Connecting to kernel f06774a3-ecc5-4d6a-a7e7-fee3cac341ff.
[I 2026-04-10 01:03:11.219 ServerApp] Restoring connection for f06774a3-ecc5-4d6a-a7e7-fee3cac341ff:7b3d769a-dc83-4ebf-8c91-e4594081bdf4
2026-04-10 01:03:18.397776: E external/local_xla/xla/stream_executor/cuda/cuda_fft.cc:467] Unable to register cuFFT factory: Attempting to register factory for plugin cuFFT when one has already been registered
WARNING: All log messages before absl::InitializeLog() is called are written to STDERR
E0000 00:00:1775808198.413516  346847 cuda_dnn.cc:8579] Unable to register cuDNN factory: Attempting to register factory for plugin cuDNN when one has already been registered
E0000 00:00:1775808198.418589  346847 cuda_blas.cc:1407] Unable to register cuBLAS factory: Attempting to register factory for plugin cuBLAS when one has already been registered
W0000 00:00:1775808198.432668  346847 computation_placer.cc:177] computation placer already registered. Please check linkage and avoid linking the same target more than once.
W0000 00:00:1775808198.432684  346847 computation_placer.cc:177] computation placer already registered. Please check linkage and avoid linking the same target more than once.
W0000 00:00:1775808198.432686  346847 computation_placer.cc:177] computation placer already registered. Please check linkage and avoid linking the same target more than once.
W0000 00:00:1775808198.432687  346847 computation_placer.cc:177] computation placer already registered. Please check linkage and avoid linking the same target more than once.
[I 2026-04-10 01:05:04.705 ServerApp] Saving file at /global/homes/c/chaseg/carousel/carousel.ipynb
[I 2026-04-10 01:05:04.746 ServerApp] Saving carousel.ipynb
[I 2026-04-10 01:07:05.718 ServerApp] Saving file at /global/homes/c/chaseg/carousel/carousel.ipynb
[I 2026-04-10 01:07:05.751 ServerApp] Saving carousel.ipynb
[I 2026-04-10 01:11:08.428 ServerApp] Creating new directory in /global/homes/c/chaseg
[I 2026-04-10 01:38:36.519 ServerApp] Starting buffering for f06774a3-ecc5-4d6a-a7e7-fee3cac341ff:7b3d769a-dc83-4ebf-8c91-e4594081bdf4
[W 2026-04-10 02:18:27.701 LabApp] Could not determine jupyterlab build status without nodejs
[I 2026-04-10 02:18:27.786 ServerApp] Connecting to kernel f06774a3-ecc5-4d6a-a7e7-fee3cac341ff.
[I 2026-04-10 02:18:28.259 ServerApp] Starting buffering for f06774a3-ecc5-4d6a-a7e7-fee3cac341ff:9d43c839-7b5c-4e28-a7b7-8ceaf254ae1c
[W 2026-04-10 02:18:29.347 ServerApp] Notebook global/homes/c/chaseg/sean-carousel/carousel.ipynb is not trusted
[I 2026-04-10 02:18:29.531 ServerApp] Connecting to kernel f06774a3-ecc5-4d6a-a7e7-fee3cac341ff.
[I 2026-04-10 02:18:29.531 ServerApp] Discarding 1 buffered messages for f06774a3-ecc5-4d6a-a7e7-fee3cac341ff:9d43c839-7b5c-4e28-a7b7-8ceaf254ae1c
/global/common/software/nersc9/jupyter/ex/26-03/lib/python3.10/json/encoder.py:257: UserWarning: date_default is deprecated since jupyter_client 7.0.0. Use jupyter_client.jsonutil.json_default.
  return _iterencode(o, 0)
[I 2026-04-10 02:18:34.647 ServerApp] Kernel shutdown: f06774a3-ecc5-4d6a-a7e7-fee3cac341ff
[I 2026-04-10 02:18:51.340 ServerApp] Kernel started: 462be97e-c9c1-4973-a792-90a9f72a6fc1
[I 2026-04-10 02:18:55.631 ServerApp] Connecting to kernel 462be97e-c9c1-4973-a792-90a9f72a6fc1.
/global/common/software/nersc9/jupyter/ex/26-03/lib/python3.10/json/encoder.py:257: UserWarning: date_default is deprecated since jupyter_client 7.0.0. Use jupyter_client.jsonutil.json_default.
  return _iterencode(o, 0)
[I 2026-04-10 02:18:55.682 ServerApp] Connecting to kernel 462be97e-c9c1-4973-a792-90a9f72a6fc1.
[I 2026-04-10 02:18:55.728 ServerApp] Connecting to kernel 462be97e-c9c1-4973-a792-90a9f72a6fc1.
[I 2026-04-10 02:19:08.807 ServerApp] Kernel started: 97c1606e-5397-42b3-9349-1ea2fadc92b3
[I 2026-04-10 02:19:08.809 ServerApp] Kernel shutdown: 462be97e-c9c1-4973-a792-90a9f72a6fc1
[I 2026-04-10 02:19:18.078 ServerApp] Connecting to kernel 97c1606e-5397-42b3-9349-1ea2fadc92b3.
2026-04-10 02:19:24.574512: E external/local_xla/xla/stream_executor/cuda/cuda_fft.cc:467] Unable to register cuFFT factory: Attempting to register factory for plugin cuFFT when one has already been registered
WARNING: All log messages before absl::InitializeLog() is called are written to STDERR
E0000 00:00:1775812764.589618  356507 cuda_dnn.cc:8579] Unable to register cuDNN factory: Attempting to register factory for plugin cuDNN when one has already been registered
E0000 00:00:1775812764.594578  356507 cuda_blas.cc:1407] Unable to register cuBLAS factory: Attempting to register factory for plugin cuBLAS when one has already been registered
W0000 00:00:1775812764.608232  356507 computation_placer.cc:177] computation placer already registered. Please check linkage and avoid linking the same target more than once.
W0000 00:00:1775812764.608245  356507 computation_placer.cc:177] computation placer already registered. Please check linkage and avoid linking the same target more than once.
W0000 00:00:1775812764.608248  356507 computation_placer.cc:177] computation placer already registered. Please check linkage and avoid linking the same target more than once.
W0000 00:00:1775812764.608249  356507 computation_placer.cc:177] computation placer already registered. Please check linkage and avoid linking the same target more than once.
[I 2026-04-10 02:20:29.486 ServerApp] Saving file at /global/homes/c/chaseg/sean-carousel/carousel.ipynb
[I 2026-04-10 02:20:29.511 ServerApp] Saving carousel.ipynb
[I 2026-04-10 02:22:29.750 ServerApp] Saving file at /global/homes/c/chaseg/sean-carousel/carousel.ipynb
[I 2026-04-10 02:22:29.785 ServerApp] Saving carousel.ipynb
[I 2026-04-10 02:22:56.095 ServerApp] Saving file at /global/homes/c/chaseg/sean-carousel/carousel.ipynb
[I 2026-04-10 02:22:56.125 ServerApp] Saving carousel.ipynb
[I 2026-04-10 02:25:27.627 ServerApp] Starting buffering for 97c1606e-5397-42b3-9349-1ea2fadc92b3:886db035-123b-45d4-92ab-b24df124f34a
[I 2026-04-10 02:25:27.630 ServerApp] Kernel shutdown: 97c1606e-5397-42b3-9349-1ea2fadc92b3
[W 2026-04-10 02:25:29.745 ServerApp] Notebook global/homes/c/chaseg/sean-carousel/carousel.ipynb is not trusted
[I 2026-04-10 02:25:30.124 ServerApp] Kernel started: 40c38699-5fb3-4728-9445-576afabb4f68
[I 2026-04-10 02:25:33.434 ServerApp] Connecting to kernel 40c38699-5fb3-4728-9445-576afabb4f68.
/global/common/software/nersc9/jupyter/ex/26-03/lib/python3.10/json/encoder.py:257: UserWarning: date_default is deprecated since jupyter_client 7.0.0. Use jupyter_client.jsonutil.json_default.
  return _iterencode(o, 0)
[I 2026-04-10 02:25:37.358 ServerApp] Kernel started: f8045087-1874-46a6-a4d0-38efc4bfe70e
[I 2026-04-10 02:25:37.360 ServerApp] Kernel shutdown: 40c38699-5fb3-4728-9445-576afabb4f68
[I 2026-04-10 02:25:42.111 ServerApp] Kernel restarted: f8045087-1874-46a6-a4d0-38efc4bfe70e
[I 2026-04-10 02:25:47.762 ServerApp] Kernel shutdown: f8045087-1874-46a6-a4d0-38efc4bfe70e
2026-04-10 02:25:48,525 - ServerApp - ERROR - Uncaught exception GET /user/chaseg/perlmutter-exclusive-node-gpu/api/kernels/f8045087-1874-46a6-a4d0-38efc4bfe70e/channels?session_id=976fa59f-13f0-475a-9569-c92cf7872681 (10.42.4.49)
HTTPServerRequest(protocol='https', host='jupyter.nersc.gov', method='GET', uri='/user/chaseg/perlmutter-exclusive-node-gpu/api/kernels/f8045087-1874-46a6-a4d0-38efc4bfe70e/channels?session_id=976fa59f-13f0-475a-9569-c92cf7872681', version='HTTP/1.1', remote_ip='10.42.4.49')
Traceback (most recent call last):
  File "/global/common/software/nersc9/jupyter/ex/26-03/lib/python3.10/site-packages/tornado/web.py", line 1790, in _execute
    result = await result
  File "/global/common/software/nersc9/jupyter/ex/26-03/lib/python3.10/site-packages/jupyter_server/services/kernels/websocket.py", line 66, in get
    await super().get(kernel_id=kernel_id)
  File "/global/common/software/nersc9/jupyter/ex/26-03/lib/python3.10/site-packages/tornado/websocket.py", line 273, in get
    await self.ws_connection.accept_connection(self)
  File "/global/common/software/nersc9/jupyter/ex/26-03/lib/python3.10/site-packages/tornado/websocket.py", line 863, in accept_connection
    await self._accept_connection(handler)
  File "/global/common/software/nersc9/jupyter/ex/26-03/lib/python3.10/site-packages/tornado/websocket.py", line 903, in _accept_connection
    self.selected_subprotocol = handler.select_subprotocol(subprotocols)
  File "/global/common/software/nersc9/jupyter/ex/26-03/lib/python3.10/site-packages/jupyter_server/services/kernels/websocket.py", line 88, in select_subprotocol
    preferred_protocol = self.connection.kernel_ws_protocol
AttributeError: 'NoneType' object has no attribute 'kernel_ws_protocol'
[I 2026-04-10 02:25:48.541 ServerApp] Connecting to kernel f8045087-1874-46a6-a4d0-38efc4bfe70e.
[I 2026-04-10 02:26:14.156 ServerApp] Kernel started: f16a07d1-b870-4fee-b401-048ca84d04a9
[I 2026-04-10 02:26:16.695 ServerApp] Connecting to kernel f16a07d1-b870-4fee-b401-048ca84d04a9.
[I 2026-04-10 02:26:35.578 ServerApp] Kernel started: e42be2da-2be1-4723-9896-1662732ac78d
[I 2026-04-10 02:26:35.579 ServerApp] Kernel shutdown: f16a07d1-b870-4fee-b401-048ca84d04a9
[I 2026-04-10 02:26:40.504 ServerApp] Kernel restarted: e42be2da-2be1-4723-9896-1662732ac78d
[I 2026-04-10 02:27:29.924 ServerApp] Saving file at /global/homes/c/chaseg/sean-carousel/carousel.ipynb
[I 2026-04-10 02:27:29.962 ServerApp] Saving carousel.ipynb
[W 2026-04-10 02:27:35.853 ServerApp] Timeout waiting for kernel_info reply from e42be2da-2be1-4723-9896-1662732ac78d
2026-04-10 02:27:35,853 - ServerApp - ERROR - Uncaught exception GET /user/chaseg/perlmutter-exclusive-node-gpu/api/kernels/e42be2da-2be1-4723-9896-1662732ac78d/channels?session_id=21020808-5e6c-4e16-ac08-4c4d180fa992 (10.42.4.49)
HTTPServerRequest(protocol='https', host='jupyter.nersc.gov', method='GET', uri='/user/chaseg/perlmutter-exclusive-node-gpu/api/kernels/e42be2da-2be1-4723-9896-1662732ac78d/channels?session_id=21020808-5e6c-4e16-ac08-4c4d180fa992', version='HTTP/1.1', remote_ip='10.42.4.49')
Traceback (most recent call last):
  File "/global/common/software/nersc9/jupyter/ex/26-03/lib/python3.10/site-packages/tornado/web.py", line 1790, in _execute
    result = await result
  File "/global/common/software/nersc9/jupyter/ex/26-03/lib/python3.10/site-packages/jupyter_server/services/kernels/websocket.py", line 66, in get
    await super().get(kernel_id=kernel_id)
  File "/global/common/software/nersc9/jupyter/ex/26-03/lib/python3.10/site-packages/tornado/websocket.py", line 273, in get
    await self.ws_connection.accept_connection(self)
  File "/global/common/software/nersc9/jupyter/ex/26-03/lib/python3.10/site-packages/tornado/websocket.py", line 863, in accept_connection
    await self._accept_connection(handler)
  File "/global/common/software/nersc9/jupyter/ex/26-03/lib/python3.10/site-packages/tornado/websocket.py", line 903, in _accept_connection
    self.selected_subprotocol = handler.select_subprotocol(subprotocols)
  File "/global/common/software/nersc9/jupyter/ex/26-03/lib/python3.10/site-packages/jupyter_server/services/kernels/websocket.py", line 88, in select_subprotocol
    preferred_protocol = self.connection.kernel_ws_protocol
AttributeError: 'NoneType' object has no attribute 'kernel_ws_protocol'
[W 2026-04-10 02:27:40.570 ServerApp] Timeout waiting for kernel_info reply from e42be2da-2be1-4723-9896-1662732ac78d
2026-04-10 02:27:40,571 - ServerApp - ERROR - Uncaught exception GET /user/chaseg/perlmutter-exclusive-node-gpu/api/kernels/e42be2da-2be1-4723-9896-1662732ac78d/channels?session_id=21020808-5e6c-4e16-ac08-4c4d180fa992 (10.42.4.49)
HTTPServerRequest(protocol='https', host='jupyter.nersc.gov', method='GET', uri='/user/chaseg/perlmutter-exclusive-node-gpu/api/kernels/e42be2da-2be1-4723-9896-1662732ac78d/channels?session_id=21020808-5e6c-4e16-ac08-4c4d180fa992', version='HTTP/1.1', remote_ip='10.42.4.49')
Traceback (most recent call last):
  File "/global/common/software/nersc9/jupyter/ex/26-03/lib/python3.10/site-packages/tornado/web.py", line 1790, in _execute
    result = await result
  File "/global/common/software/nersc9/jupyter/ex/26-03/lib/python3.10/site-packages/jupyter_server/services/kernels/websocket.py", line 66, in get
    await super().get(kernel_id=kernel_id)
  File "/global/common/software/nersc9/jupyter/ex/26-03/lib/python3.10/site-packages/tornado/websocket.py", line 273, in get
    await self.ws_connection.accept_connection(self)
  File "/global/common/software/nersc9/jupyter/ex/26-03/lib/python3.10/site-packages/tornado/websocket.py", line 863, in accept_connection
    await self._accept_connection(handler)
  File "/global/common/software/nersc9/jupyter/ex/26-03/lib/python3.10/site-packages/tornado/websocket.py", line 903, in _accept_connection
    self.selected_subprotocol = handler.select_subprotocol(subprotocols)
  File "/global/common/software/nersc9/jupyter/ex/26-03/lib/python3.10/site-packages/jupyter_server/services/kernels/websocket.py", line 88, in select_subprotocol
    preferred_protocol = self.connection.kernel_ws_protocol
AttributeError: 'NoneType' object has no attribute 'kernel_ws_protocol'
[I 2026-04-10 02:27:44.108 ServerApp] Kernel shutdown: e42be2da-2be1-4723-9896-1662732ac78d
[W 2026-04-10 02:27:44.365 ServerApp] wrote error: 'Kernel does not exist: e42be2da-2be1-4723-9896-1662732ac78d'
    Traceback (most recent call last):
      File "/global/common/software/nersc9/jupyter/ex/26-03/lib/python3.10/site-packages/tornado/web.py", line 1790, in _execute
        result = await result
      File "/global/common/software/nersc9/jupyter/ex/26-03/lib/python3.10/site-packages/jupyter_resource_usage/api.py", line 127, in get
        lkm = km.pinned_superclass.get_kernel(km, kernel_id)
      File "/global/common/software/nersc9/jupyter/ex/26-03/lib/python3.10/site-packages/jupyter_client/multikernelmanager.py", line 466, in get_kernel
        self._check_kernel_id(kernel_id)
      File "/global/common/software/nersc9/jupyter/ex/26-03/lib/python3.10/site-packages/jupyter_server/services/kernels/kernelmanager.py", line 537, in _check_kernel_id
        raise web.HTTPError(404, "Kernel does not exist: %s" % kernel_id)
    tornado.web.HTTPError: HTTP 404: Not Found (Kernel does not exist: e42be2da-2be1-4723-9896-1662732ac78d)
[I 2026-04-10 02:27:53.623 ServerApp] Kernel started: ad9804ac-9241-494f-a453-06ff9de61850
[I 2026-04-10 02:27:56.529 ServerApp] Connecting to kernel ad9804ac-9241-494f-a453-06ff9de61850.
/global/common/software/nersc9/jupyter/ex/26-03/lib/python3.10/json/encoder.py:257: UserWarning: date_default is deprecated since jupyter_client 7.0.0. Use jupyter_client.jsonutil.json_default.
  return _iterencode(o, 0)
[I 2026-04-10 02:28:01.627 ServerApp] Kernel started: f7f04020-ce1a-4baa-9b56-d244004206aa
[I 2026-04-10 02:28:01.628 ServerApp] Kernel shutdown: ad9804ac-9241-494f-a453-06ff9de61850
[I 2026-04-10 02:28:06.478 ServerApp] Connecting to kernel f7f04020-ce1a-4baa-9b56-d244004206aa.
2026-04-10 02:28:09.968959: E external/local_xla/xla/stream_executor/cuda/cuda_fft.cc:467] Unable to register cuFFT factory: Attempting to register factory for plugin cuFFT when one has already been registered
WARNING: All log messages before absl::InitializeLog() is called are written to STDERR
E0000 00:00:1775813289.984150  357489 cuda_dnn.cc:8579] Unable to register cuDNN factory: Attempting to register factory for plugin cuDNN when one has already been registered
E0000 00:00:1775813289.989436  357489 cuda_blas.cc:1407] Unable to register cuBLAS factory: Attempting to register factory for plugin cuBLAS when one has already been registered
W0000 00:00:1775813290.003378  357489 computation_placer.cc:177] computation placer already registered. Please check linkage and avoid linking the same target more than once.
W0000 00:00:1775813290.003390  357489 computation_placer.cc:177] computation placer already registered. Please check linkage and avoid linking the same target more than once.
W0000 00:00:1775813290.003392  357489 computation_placer.cc:177] computation placer already registered. Please check linkage and avoid linking the same target more than once.
W0000 00:00:1775813290.003394  357489 computation_placer.cc:177] computation placer already registered. Please check linkage and avoid linking the same target more than once.
[W 2026-04-10 02:28:40.575 ServerApp] Timeout waiting for kernel_info reply from e42be2da-2be1-4723-9896-1662732ac78d
2026-04-10 02:28:40,579 - ServerApp - ERROR - Uncaught exception GET /user/chaseg/perlmutter-exclusive-node-gpu/api/kernels/e42be2da-2be1-4723-9896-1662732ac78d/channels?session_id=21020808-5e6c-4e16-ac08-4c4d180fa992 (10.42.4.49)
HTTPServerRequest(protocol='https', host='jupyter.nersc.gov', method='GET', uri='/user/chaseg/perlmutter-exclusive-node-gpu/api/kernels/e42be2da-2be1-4723-9896-1662732ac78d/channels?session_id=21020808-5e6c-4e16-ac08-4c4d180fa992', version='HTTP/1.1', remote_ip='10.42.4.49')
Traceback (most recent call last):
  File "/global/common/software/nersc9/jupyter/ex/26-03/lib/python3.10/site-packages/tornado/web.py", line 1790, in _execute
    result = await result
  File "/global/common/software/nersc9/jupyter/ex/26-03/lib/python3.10/site-packages/jupyter_server/services/kernels/websocket.py", line 66, in get
    await super().get(kernel_id=kernel_id)
  File "/global/common/software/nersc9/jupyter/ex/26-03/lib/python3.10/site-packages/tornado/websocket.py", line 273, in get
    await self.ws_connection.accept_connection(self)
  File "/global/common/software/nersc9/jupyter/ex/26-03/lib/python3.10/site-packages/tornado/websocket.py", line 863, in accept_connection
    await self._accept_connection(handler)
  File "/global/common/software/nersc9/jupyter/ex/26-03/lib/python3.10/site-packages/tornado/websocket.py", line 903, in _accept_connection
    self.selected_subprotocol = handler.select_subprotocol(subprotocols)
  File "/global/common/software/nersc9/jupyter/ex/26-03/lib/python3.10/site-packages/jupyter_server/services/kernels/websocket.py", line 88, in select_subprotocol
    preferred_protocol = self.connection.kernel_ws_protocol
AttributeError: 'NoneType' object has no attribute 'kernel_ws_protocol'
[I 2026-04-10 02:29:30.219 ServerApp] Saving file at /global/homes/c/chaseg/sean-carousel/carousel.ipynb
[I 2026-04-10 02:29:30.249 ServerApp] Saving carousel.ipynb
[I 2026-04-10 02:29:53.526 ServerApp] Kernel started: 022ea61c-bb54-44a8-a58e-f4c8823056bb
[I 2026-04-10 02:29:57.509 ServerApp] Connecting to kernel 022ea61c-bb54-44a8-a58e-f4c8823056bb.
/global/common/software/nersc9/jupyter/ex/26-03/lib/python3.10/json/encoder.py:257: UserWarning: date_default is deprecated since jupyter_client 7.0.0. Use jupyter_client.jsonutil.json_default.
  return _iterencode(o, 0)
[I 2026-04-10 02:30:10.983 ServerApp] Saving file at /global/homes/c/chaseg/sean-carousel/carousel.ipynb
[I 2026-04-10 02:30:11.011 ServerApp] Saving carousel.ipynb
[I 2026-04-10 02:30:18.004 ServerApp] Kernel restarted: f7f04020-ce1a-4baa-9b56-d244004206aa
[I 2026-04-10 02:30:18.015 ServerApp] Starting buffering for f7f04020-ce1a-4baa-9b56-d244004206aa:b3a7fe2a-2546-432d-9a87-adf08766d08c
[I 2026-04-10 02:30:18.041 ServerApp] Connecting to kernel f7f04020-ce1a-4baa-9b56-d244004206aa.
[I 2026-04-10 02:30:18.045 ServerApp] Restoring connection for f7f04020-ce1a-4baa-9b56-d244004206aa:b3a7fe2a-2546-432d-9a87-adf08766d08c
/global/common/software/nersc9/jupyter/ex/26-03/lib/python3.10/json/encoder.py:257: UserWarning: date_default is deprecated since jupyter_client 7.0.0. Use jupyter_client.jsonutil.json_default.
  return _iterencode(o, 0)
2026-04-10 02:30:25.762510: E external/local_xla/xla/stream_executor/cuda/cuda_fft.cc:467] Unable to register cuFFT factory: Attempting to register factory for plugin cuFFT when one has already been registered
WARNING: All log messages before absl::InitializeLog() is called are written to STDERR
E0000 00:00:1775813425.777960  358406 cuda_dnn.cc:8579] Unable to register cuDNN factory: Attempting to register factory for plugin cuDNN when one has already been registered
E0000 00:00:1775813425.782925  358406 cuda_blas.cc:1407] Unable to register cuBLAS factory: Attempting to register factory for plugin cuBLAS when one has already been registered
W0000 00:00:1775813425.796619  358406 computation_placer.cc:177] computation placer already registered. Please check linkage and avoid linking the same target more than once.
W0000 00:00:1775813425.796630  358406 computation_placer.cc:177] computation placer already registered. Please check linkage and avoid linking the same target more than once.
W0000 00:00:1775813425.796633  358406 computation_placer.cc:177] computation placer already registered. Please check linkage and avoid linking the same target more than once.
W0000 00:00:1775813425.796635  358406 computation_placer.cc:177] computation placer already registered. Please check linkage and avoid linking the same target more than once.
[I 2026-04-10 02:31:53.726 ServerApp] Starting buffering for f7f04020-ce1a-4baa-9b56-d244004206aa:b3a7fe2a-2546-432d-9a87-adf08766d08c
[I 2026-04-10 02:31:53.729 ServerApp] Starting buffering for 022ea61c-bb54-44a8-a58e-f4c8823056bb:fd79da26-23f0-486f-85e0-a543bdb64ff3
[I 2026-04-10 03:21:54.573 ServerApp] Connecting to kernel f7f04020-ce1a-4baa-9b56-d244004206aa.
[I 2026-04-10 03:21:54.574 ServerApp] Restoring connection for f7f04020-ce1a-4baa-9b56-d244004206aa:b3a7fe2a-2546-432d-9a87-adf08766d08c
[I 2026-04-10 03:21:55.011 ServerApp] Connecting to kernel 022ea61c-bb54-44a8-a58e-f4c8823056bb.
[I 2026-04-10 03:21:55.012 ServerApp] Restoring connection for 022ea61c-bb54-44a8-a58e-f4c8823056bb:fd79da26-23f0-486f-85e0-a543bdb64ff3
[I 2026-04-10 03:21:55.216 ServerApp] Starting buffering for 022ea61c-bb54-44a8-a58e-f4c8823056bb:fd79da26-23f0-486f-85e0-a543bdb64ff3
[I 2026-04-10 03:21:55.216 ServerApp] Starting buffering for f7f04020-ce1a-4baa-9b56-d244004206aa:b3a7fe2a-2546-432d-9a87-adf08766d08c
[2026-04-10T12:51:12.037] error: *** JOB 51343777 ON nid001001 CANCELLED AT 2026-04-10T12:51:12 DUE TO TIME LIMIT ***
